Timestamp,Power_ITLoad_kW_AreaD,Power_TotalLoad_kW_Core,Power_ITLoad_kW_AreaC,Power_ITLoad_kW_AreaB,Power_ITLoad_kW_AreaA,Power_TotalLoad_kW_AreaA,Power_TotalLoad_kW_AreaB,Power_TotalLoad_kW_AreaC,Power_ITLoad_kW_Core,Power_TotalLoad_kW_AreaD
2026/02/01 12:00:20.000 AM -06:00,19.38058472,1.51052773,8.057553291,15.5474987,17.48555565,15.3143549,23.57582474,10.01743507,0.909990907,23.7124939
2026/02/01 12:00:20.000 AM -06:00,8.704859734,1.70019567,8.127874374,19.24100304,12.22750282,21.5397644,19.81449509,10.24531364,0.914740384,12.18332291
2026/02/01 2:14:43.734 AM -06:00,17.24080276,1.698495388,8.048208237,19.38751984,17.63084412,18.97622108,22.30272293,10.45073795,0.910446405,21.3976326
2026/02/01 2:14:43.734 AM -06:00,18.80216217,1.502750039,8.124551773,18.00330734,16.34566879,23.00744629,23.52533722,9.994399071,0.911371052,22.85733986
2026/02/01 4:29:07.468 AM -06:00,17.1377182,1.741866708,8.125012398,14.63721943,10.11437416,15.37229347,18.18635178,10.65466404,0.908578515,21.07998657
2026/02/01 4:29:07.468 AM -06:00,18.77673531,1.536314726,8.050610542,19.43067932,17.52166939,22.47450066,23.51384735,10.04086018,0.917684138,23.08665466
2026/02/01 6:43:31.202 AM -06:00,18.79196739,1.526812196,8.097571373,19.27075768,17.5400219,20.08832359,23.23276901,10.01892281,0.910241961,23.40152359
2026/02/01 6:43:31.202 AM -06:00,9.156573296,1.756581068,8.04624939,13.01911926,16.22634125,22.81763077,16.42419624,10.20755863,0.909655869,12.94517803
2026/02/01 8:57:54.936 AM -06:00,18.83286285,1.466793895,8.033755302,12.91006851,17.19440269,22.37116051,16.52724075,10.05663586,0.910734415,14.12757778
2026/02/01 8:57:54.936 AM -06:00,9.229741096,1.788196564,17.06929398,19.21833992,14.86949921,18.71386909,24.30414009,21.07701492,0.914808631,24.32321548
2026/02/01 11:12:18.670 AM -06:00,19.00170517,1.388259172,16.51523972,13.31671333,15.01628685,19.95897102,18.27285576,18.2220993,0.909916341,24.73630714
2026/02/01 11:12:18.670 AM -06:00,17.16400337,2.054944277,18.29532433,19.21909714,17.60646057,23.22155952,25.50357628,23.04236603,0.913505375,20.37561607
2026/02/01 1:26:42.404 PM -06:00,19.49557877,1.412749887,18.33572197,18.04044533,17.59158516,21.14995193,23.72555161,23.13291931,0.92442733,25.91385841
2026/02/01 1:26:42.404 PM -06:00,9.946468353,2.063163042,11.44590092,19.9290657,16.21758461,23.72927856,26.74846458,16.1865139,0.914413929,16.27830315
2026/02/01 3:41:06.138 PM -06:00,19.53378296,1.802150249,11.44905949,19.75968742,9.987925529,23.5419426,26.75966644,16.23007011,0.913467228,26.19759369
2026/02/01 3:41:06.138 PM -06:00,9.255381584,1.531060338,18.3432312,14.9180088,17.63249969,15.03876877,21.08242607,23.64803696,0.914106071,15.2173214
2026/02/01 5:55:29.872 PM -06:00,19.61035347,1.593697786,13.45607853,17.45518494,17.5866375,23.21789169,26.43793106,17.94068336,0.922183752,25.45726585
2026/02/01 5:55:29.872 PM -06:00,9.131433487,1.772595167,15.0661478,19.77339363,15.90756607,21.33065987,24.084795,19.27218056,0.916457653,12.61995125
2026/02/01 8:09:53.606 PM -06:00,17.85552979,1.545549035,13.69944286,19.7622757,16.36914444,22.94340134,25.45245361,12.67533207,0.912380636,23.43290329
2026/02/01 8:09:53.606 PM -06:00,8.90735054,1.743696332,15.92647457,14.16985512,17.71320915,20.97021103,20.26095581,19.78120804,0.919109404,10.43729591
2026/02/01 10:24:17.340 PM -06:00,19.55511284,1.455091476,15.74950027,19.69297791,17.7044754,20.99121094,23.84268761,19.70679283,0.914635897,12.62145042
2026/02/01 10:24:17.340 PM -06:00,9.14228344,2.003144026,13.95643997,18.55917549,16.10486984,22.87556648,26.60530853,17.83561516,0.916325867,24.86982536
2026/02/02 12:38:41.074 AM -06:00,9.141144753,1.584302306,15.035182,19.57328796,17.43037796,23.08645439,25.62342453,18.5623703,0.9144333,12.84584141
2026/02/02 12:38:41.074 AM -06:00,12.01037216,1.746498585,8.457144737,11.65272999,9.225543976,12.51241398,16.02278137,10.90595436,0.918328881,15.90066719
2026/02/02 2:53:04.808 AM -06:00,10.8797121,1.540980577,10.02851391,13.5675354,9.280621529,12.59441376,17.71177101,12.98170757,0.914473534,14.35395432
2026/02/02 2:53:04.808 AM -06:00,15.72840405,1.778654933,15.79933262,16.61022186,11.21257114,16.51051712,21.62747002,19.39231682,0.912265539,20.90335846
2026/02/02 5:07:28.542 AM -06:00,15.38098145,1.787856579,15.36376762,16.51179695,11.22087288,15.74005318,21.58838844,19.30385017,0.920285225,20.57147789
2026/02/02 5:07:28.542 AM -06:00,14.94024563,1.549806118,15.63088417,15.92091942,0.009794598,1.295305371,20.85780525,14.43628693,0.916116357,16.16292953
2026/02/02 7:21:52.276 AM -06:00,15.16714668,0,15.55864334,15.93875027,0,1.533863544,0,19.27382088,0.908092141,19.46774864
2026/02/02 7:21:52.276 AM -06:00,14.97287846,1.682448745,15.32480907,0,0.010835181,0,21.44668007,18.59683228,0,20.59048462
2026/02/02 9:36:16.010 AM -06:00,15.18929386,1.48086977,14.68852043,5.402431011,0.046396669,0,18.55536461,18.62702179,0.913139999,20.73390007
2026/02/02 9:36:16.010 AM -06:00,14.23359203,2.017103672,15.64822388,16.46528816,0.010845006,0,22.69818497,19.85291862,0.405190736,17.13194847
2026/02/02 11:50:39.744 AM -06:00,15.16345978,1.821558475,15.63531685,16.96001244,0.009944106,0,23.70214272,20.29478645,0.914811015,21.04617119
2026/02/02 11:50:39.744 AM -06:00,14.77305317,0.536088228,4.103027821,0.15485701,0.006070995,0,0,8.952338219,0.078669004,14.25218868
2026/02/02 2:05:03.478 PM -06:00,0.280568659,0,0.304896772,0.139770687,0,0,0,3.40845871,0.035064623,3.341323614
2026/02/02 2:05:03.478 PM -06:00,15.05621052,1.773530245,16.34949112,17.15827179,0,0,24.31995964,21.36137581,0.916301489,21.3003273
2026/02/02 4:19:27.212 PM -06:00,14.93748474,1.19106698,16.35691452,17.13931084,0,0,24.2501564,21.56327438,0.905315101,20.67278862
2026/02/02 4:19:27.212 PM -06:00,15.11849117,1.911759377,14.67682838,0.141200274,0,0,1.452080011,19.66345215,0.90986222,21.38745499
2026/02/02 6:33:50.946 PM -06:00,14.93547153,1.564469576,15.04873371,0,0,0,24.13253784,20.63242149,0.908901393,20.64938545
2026/02/02 6:33:50.946 PM -06:00,16.23279953,1.786497355,15.69494057,17.23925972,0,0,1.355762124,19.65778351,0.906692684,21.22104263
2026/02/02 8:48:14.680 PM -06:00,15.05182266,0.534418464,14.34832287,0,0,0,0,18.50616074,0.077516489,20.67644501
2026/02/02 8:48:14.680 PM -06:00,16.26654243,1.819346666,17.04302788,17.75524521,0.010768971,2.489249229,25.20505524,21.29810143,0.927919626,21.53378296
2026/02/02 11:02:38.414 PM -06:00,15.33603287,1.652519941,16.10414124,17.59658051,0.010747023,0.336248428,24.50229263,20.78808975,0.922953784,21.3603096
2026/02/02 11:02:38.414 PM -06:00,14.97650146,1.871257186,15.11487675,15.84698772,0.010818105,3.464468479,22.21191597,19.20592499,0.925689578,20.65469742
2026/02/03 1:17:02.148 AM -06:00,14.88142586,1.871963501,15.15354156,16.90365219,0.010936984,1.16623652,23.77731133,19.49307823,0.932008684,20.87646294
2026/02/03 1:17:02.148 AM -06:00,15.03355885,1.555675626,14.77701283,13.7937851,1.115671515,2.850258112,19.91081238,18.92495728,0.929614544,20.37331963
2026/02/03 3:31:25.882 AM -06:00,14.92795467,1.758566737,14.96909237,14.62594128,1.075356126,2.328994989,20.38101578,19.05764771,0.932777047,20.03129196
2026/02/03 3:31:25.882 AM -06:00,15.02362061,1.578416348,14.82992554,14.93953228,2.632032394,4.625869751,19.86559296,18.79246521,0.925393939,20.45881271
2026/02/03 5:45:49.616 AM -06:00,15.0541687,1.714130998,14.97643852,14.9673481,2.620886326,4.588835716,20.25198364,18.95046806,0.925987661,20.37688637
2026/02/03 5:45:49.616 AM -06:00,14.81038094,1.514840245,14.73778343,14.47517109,16.85066605,20.84788895,19.23472214,15.33019352,0.927111149,16.25632477
2026/02/03 8:00:13.350 AM -06:00,15.03940582,1.44930625,14.97525597,14.60112095,15.97474384,20.54314041,19.39709473,18.6558609,0.925561011,19.07395363
2026/02/03 8:00:13.350 AM -06:00,14.77478886,1.885841727,13.73011303,0.010156797,9.477109909,12.29784203,0.430434823,17.54823875,0.928994834,20.0259552
2026/02/03 10:14:37.084 AM -06:00,13.62704277,1.520778537,13.74838448,0.019178305,9.377867699,12.76502705,0,17.74279785,0.925954878,19.32109261
2026/02/03 10:14:37.084 AM -06:00,15.91457939,2.429183722,15.99871254,0,10.48839569,14.41483212,0.099639796,21.47947693,0.924661934,22.01194763
2026/02/03 12:29:00.818 PM -06:00,16.06458473,1.447750449,16.46579933,0,10.70149899,14.74772453,0,22.75773811,0.923273206,20.47049522
2026/02/03 12:29:00.818 PM -06:00,14.88363743,1.96532619,14.23879051,0,12.76106167,17.76462173,0,19.81869316,0.922108412,21.98070717
2026/02/03 2:43:24.552 PM -06:00,15.03564548,1.723253608,14.43984795,0,0,17.86012077,0,19.5384903,0.924078465,20.79857635
2026/02/03 2:43:24.552 PM -06:00,13.55531502,0,16.27052689,0,13.21675968,1.345528126,0,21.8723793,0,19.02475548
2026/02/03 4:57:48.286 PM -06:00,12.84045506,2.07799983,6.495881557,0,13.12624168,17.76007843,0,3.209825039,0.081501007,4.300181866
2026/02/03 4:57:48.286 PM -06:00,14.72349167,0.518914998,15.14436436,0,3.679850101,0,0,20.19981384,0.927283287,20.17102814
2026/02/03 7:12:12.020 PM -06:00,15.08708382,0,15.6089201,0,3.705355644,1.327892661,0,12.94993496,0,20.64819145
2026/02/03 7:12:12.020 PM -06:00,13.22819138,1.787972808,15.04156971,0,12.83881474,18.43326378,0,20.29408073,0.925461411,18.47545815
2026/02/03 9:26:35.754 PM -06:00,9.258769035,1.997619152,15.59501266,0,12.66011143,17.85713196,0,19.87087822,0.921684563,14.26542187
2026/02/03 9:26:35.754 PM -06:00,15.40501213,1.440294147,8.478087425,1.857960343,12.86559105,16.81495667,723.805603,11.11108208,0.921825767,21.1485424
2026/02/03 11:40:59.488 PM -06:00,15.92580891,1.507423401,8.67337513,1.881528258,12.7434721,16.53603363,505.2764282,11.42927074,0.923534751,20.74735069
2026/02/03 11:40:59.488 PM -06:00,14.7277813,1.619493723,8.815958023,11.26012611,13.99656582,18.864254,1247.048096,11.1152401,0.924366593,19.76576042
2026/02/04 1:55:23.222 AM -06:00,17.657444,1.511156559,8.715756416,17.10739899,15.05826473,19.52422333,2115.704102,11.11189175,0.923532307,23.04070282
2026/02/04 1:55:23.222 AM -06:00,7.663639545,1.665048838,8.857250214,8.937450409,8.12767601,12.1443758,1168.095581,11.42659187,0.924256682,11.57779217
2026/02/04 4:09:46.956 AM -06:00,11.44298553,1.505708456,8.843101501,12.0768013,12.91787624,15.37555885,1188.263062,11.37302494,0.922499835,14.51378345
2026/02/04 4:09:46.956 AM -06:00,14.84972668,1.720705986,5.070801258,13.49550056,14.06200695,19.10591888,1363.666626,7.003242493,0.923792183,19.20144463
2026/02/04 6:24:10.690 AM -06:00,14.85836792,1.48987329,5.083765984,13.41196251,13.77753162,17.75670052,1253.587158,6.992274761,0.923495054,18.76909637
2026/02/04 6:24:10.690 AM -06:00,15.80715179,1.626333594,0.010155511,15.05950451,13.97044182,17.12628174,18.62703514,0.481642991,0.924536943,20.17816734
2026/02/04 8:38:34.424 AM -06:00,15.95847797,1.438545704,0.010439388,14.79551601,13.7613306,14.34528351,18.86424637,0.513147354,0.924902797,19.99251366
2026/02/04 8:38:34.424 AM -06:00,15.79027557,1.937939525,0,5.887023449,13.89539337,19.05882454,20.47833824,0,0.923230827,21.75197792
2026/02/04 10:52:58.158 AM -06:00,17.27433395,1.362706065,0,14.94689846,15.13110161,19.85156631,2500.563477,0,0.92342931,23.33974838
2026/02/04 10:52:58.158 AM -06:00,9.536481857,2.159545422,0,0,0.030433288,0.48380053,0.24098675,0,0.923578441,13.98588371
2026/02/04 1:07:21.892 PM -06:00,11.63546848,1.055927038,0,0,0,0.699241579,0.418961048,0,0.930644035,16.43690872
2026/02/04 1:07:21.892 PM -06:00,16.94045258,1.863416672,0,17.30576134,13.71349621,18.71226311,24.65815163,0,0.935489237,23.84651566
2026/02/04 3:21:45.626 PM -06:00,17.39731026,1.554623246,0,18.50905037,12.07373428,16.35695076,24.57916451,0,0.933627725,23.58100891
2026/02/04 3:21:45.626 PM -06:00,8.149033546,1.771987796,0,9.961484909,10.76806641,14.76802349,15.94240665,0,0.932032883,13.82163715
2026/02/04 5:36:09.360 PM -06:00,6.969263077,1.988496304,0,18.54100609,5.643974304,9.521393776,24.80483627,0,0.939934671,10.11614704
2026/02/04 5:36:09.360 PM -06:00,19.46858597,1.462932348,0,9.384031296,18.38266373,22.40174103,13.26947308,0,0.938694954,24.90454674
2026/02/04 7:50:33.094 PM -06:00,7.434093952,1.542701721,0,9.353364944,19.022295,23.90131187,13.18198586,0.065036334,0.931960583,10.66808414
2026/02/04 7:50:33.094 PM -06:00,17.43657684,1.663567781,0.010234674,18.47312737,10.57582474,14.04558563,24.39673424,18.23781013,0.931731522,23.39769554
2026/02/04 10:04:56.828 PM -06:00,8.688030243,1.524943352,0.012767654,9.98827076,11.4336834,16.67925453,15.32860088,1.5127033,0.942520678,12.89416218
2026/02/04 10:04:56.828 PM -06:00,17.78789139,1.995789528,18.09411621,18.50945473,12.89299297,14.99141026,24.25036049,22.44759941,0.933923304,22.89504051
2026/02/05 12:19:20.562 AM -06:00,17.76242638,1.532633305,16.82015991,11.93787861,11.17255211,14.60705948,16.10907173,21.44854355,0.934120595,22.42422295
2026/02/05 12:19:20.562 AM -06:00,7.347695827,1.672129393,8.592532158,18.78675461,13.84582233,18.2212677,24.53825188,11.64115143,0.944205821,10.21507835
2026/02/05 2:33:44.296 AM -06:00,7.474882126,1.572160006,14.15825844,18.77424049,13.86318779,18.20775414,24.34206581,19.50667191,0.940976262,10.34441376
2026/02/05 2:33:44.296 AM -06:00,7.3195014,1.619308591,15.83415127,16.94162941,13.25645828,16.55927658,22.44639206,17.77476692,0.941358566,10.05609894
2026/02/05 4:48:08.030 AM -06:00,7.49936676,1.679885864,14.81486893,17.0395298,13.37065411,16.16791153,22.33822823,17.39629173,0.940366328,10.21347427
2026/02/05 4:48:08.030 AM -06:00,1.554252267,1.562826395,14.03896713,17.88311386,12.81851101,17.42226028,23.15508652,18.08424759,0.948137403,3.412227392
2026/02/05 7:02:31.764 AM -06:00,1.564234495,1.744572163,15.47908211,17.68424225,12.74075508,15.7896204,22.32635689,17.4805069,0.940261424,3.432985067
2026/02/05 7:02:31.764 AM -06:00,0,1.550828695,14.18952465,17.06893539,12.98592091,18.62649536,23.31701088,18.50615692,0.940607488,0.357066453
2026/02/05 9:16:55.498 AM -06:00,0,1.897592068,14.14421844,0,13.00706673,18.2567997,0.685039759,18.48582077,0.93655926,0
2026/02/05 9:16:55.498 AM -06:00,0,1.479465246,15.73034954,19.27414131,0.030995863,1.73162818,27.07202148,20.93297768,0.934479773,0
2026/02/05 11:31:19.232 AM -06:00,0,1.455533028,15.81814003,0.155169189,0.03092094,1.763450503,1.06214571,21.09440804,0.942906916,0
2026/02/05 11:31:19.232 AM -06:00,0,2.021017313,8.493863106,19.98070335,12.24928474,17.06170273,512669.3125,12.53408146,0.936430156,0
2026/02/05 1:45:42.966 PM -06:00,0,2.004073143,8.751319885,10.91100502,9.509243011,14.65900707,18.66596222,21.30694008,0.934393346,0
2026/02/05 1:45:42.966 PM -06:00,0,1.60020864,15.80945396,20.03321075,12.33526897,18.0879631,28.47145081,13.47979164,0.936244071,0
2026/02/05 4:00:06.700 PM -06:00,0,1.231412411,10.69718552,20.00315666,9.453901291,17.38638115,28.14141464,22.37290573,0.931146026,0
2026/02/05 4:00:06.700 PM -06:00,0,1.965340972,17.29240417,4.322575569,12.38634014,11.15668201,2.904689074,15.28427792,0.933144808,0
2026/02/05 6:14:30.434 PM -06:00,0,1.60198915,17.88400841,10.25926495,12.4726429,16.84107208,27.71674538,23.88252258,0.936815083,0
2026/02/05 6:14:30.434 PM -06:00,0,2.004667044,10.711936,19.79079819,9.514438629,13.79702663,15.01007843,15.52140331,0.932989299,0
2026/02/05 8:28:54.168 PM -06:00,0,1.561403632,15.09671593,19.74950981,11.65746784,16.14051056,27.11496544,21.08543968,0.933442116,0
2026/02/05 8:28:54.168 PM -06:00,0,2.072232723,17.24238968,17.89336586,12.51915455,16.917202,25.1952076,23.23863983,0.936254084,0
2026/02/05 10:43:17.902 PM -06:00,0,1.895221353,15.68566418,19.61491585,12.69189358,16.33430862,25.041996,22.4408226,0.932483017,0
2026/02/05 10:43:17.902 PM -06:00,1.2716887,1.656685948,16.99263763,17.82878494,11.95521069,17.04127121,26.80143166,20.93379593,0.934210241,3.813350677
2026/02/06 12:57:41.636 AM -06:00,1.277431965,2.15488863,15.71325588,17.91091537,12.25657654,16.70589066,24.79641151,20.77606201,0.931605756,4.524837494
2026/02/06 12:57:41.636 AM -06:00,1.539219856,1.66203475,17.30644035,19.77095413,14.26020241,18.93978119,26.71096802,22.5969696,0.935427666,3.293149233
2026/02/06 3:12:05.370 AM -06:00,1.536908865,1.841218352,17.18838882,19.84619141,12.23717976,17.07875252,16.52415276,22.26828766,0.93259716,3.52406764
2026/02/06 3:12:05.370 AM -06:00,18.29479218,1.602005363,10.31961346,10.88211823,16.43925285,21.571661,26.71316147,14.49800873,0.933477223,23.19968796
2026/02/06 5:26:29.104 AM -06:00,19.02647209,1.895430565,17.03239632,19.6733551,13.47977734,17.88056183,26.20380974,21.86224365,0.93722403,25.725214
2026/02/06 5:26:29.104 AM -06:00,7.664689064,1.567615509,15.30663681,17.75867844,16.2900219,21.19581795,24.11419868,19.845541,0.933957458,11.19172287
2026/02/06 7:40:52.838 AM -06:00,7.933432579,2.068738699,15.28971577,19.58342552,15.69599819,20.60676575,24.29720497,20.09405327,0.93291229,11.12108898
2026/02/06 7:40:52.838 AM -06:00,7.557562351,1.514253616,16.81334305,17.72723007,16.72143364,22.25554085,27.01117897,21.99867821,1.041001201,12.09590626
2026/02/06 9:55:16.572 AM -06:00,7.896262646,2.279122353,16.71050644,19.66476822,17.335392,22.67105675,27.71697235,22.22127724,1.050204277,10.92088223
2026/02/06 9:55:16.572 AM -06:00,7.241173744,1.146452904,7.327670097,8.582606316,9.057341576,11.81386089,12.44118977,10.43159771,1.043219805,12.17535782
2026/02/06 12:09:40.306 PM -06:00,7.067394257,1.207805872,7.310848236,8.725028038,9.115597725,14.83398342,16.88429832,10.10624504,1.044074893,11.29685402
2026/02/06 12:09:40.306 PM -06:00,7.981042862,0.12078058,8.143393517,0.069534451,0.032255702,0.143413886,0,21.82103729,0,12.79090118
2026/02/06 2:24:04.040 PM -06:00,7.767088413,10.83096218,8.065286636,8.495521545,8.808711052,11.93892193,12.27393532,12.14898109,0.876903355,21.37445068
2026/02/06 2:24:04.040 PM -06:00,15.42032814,0,10.86353493,10.02754688,9.687024117,14.57150173,15.23000813,46.64611816,0.875787795,11.57720947
2026/02/06 4:38:27.774 PM -06:00,15.43275166,0,14.24300861,16.40097427,15.77747154,20.22838974,22.9642067,20.24651146,0.895656645,21.13508797
2026/02/06 4:38:27.774 PM -06:00,7.493476391,46.61916351,8.043923378,8.736117363,9.140028,13.25798225,13.69289875,12.51269722,0.964307845,11.49720955
2026/02/06 6:52:51.508 PM -06:00,13.55716991,38.49885559,13.49931049,14.94471359,14.43440819,18.74587059,20.44938278,18.76397514,0.931106925,19.03013992
2026/02/06 6:52:51.508 PM -06:00,7.167350769,29.96940422,7.414981842,8.616903305,9.001340866,12.88057041,13.05803204,11.82395172,0.927823544,11.1155777
2026/02/06 9:07:15.242 PM -06:00,18.08847046,29.78434753,17.94628334,18.75943184,19.06233597,13.0363903,25.52074623,12.10745716,0.930940211,24.72509956
2026/02/06 9:07:15.242 PM -06:00,7.206755161,37.51274109,7.402177811,8.454699516,9.051397324,22.71597481,13.00836563,23.42200279,0.930432439,11.37475204
2026/02/06 11:21:38.976 PM -06:00,7.92620945,29.90420532,8.183521271,8.685175896,9.168710709,12.46931362,12.33741474,13.35673714,0.930450439,11.87522984
2026/02/06 11:21:38.976 PM -06:00,7.116178989,36.41051483,7.29020834,9.781429291,12.30050087,17.38985062,14.04982853,10.4794693,0.930540502,10.97795296
2026/02/07 1:36:02.710 AM -06:00,7.145381927,37.1716156,7.469034672,9.504673004,12.58991814,17.43515778,13.7578392,11.12110806,0.934303463,18.52329636
2026/02/07 1:36:02.710 AM -06:00,12.90030289,30.35287094,7.305232048,9.876065254,8.993015289,12.35277462,13.38740253,10.61849499,0.930734038,10.63724518
2026/02/07 3:50:26.444 AM -06:00,7.129263878,34.48921585,7.329579353,9.652734756,9.250579834,12.09174347,13.40285397,10.80506897,0.930497408,10.55764198
2026/02/07 3:50:26.444 AM -06:00,12.90549278,31.9851532,17.29740524,10.26543522,9.873516083,13.93321419,14.04504204,24.22374916,0.929726422,17.93853378
2026/02/07 6:04:50.178 AM -06:00,12.91943359,32.83853149,17.31765938,9.992211342,9.732512474,12.36464596,18.36213493,24.35009003,0.934442282,17.51045609
2026/02/07 6:04:50.178 AM -06:00,12.44882965,31.11443329,16.82206154,13.43619347,9.959746361,14.52241421,13.19540787,22.93554306,0.931334376,18.09420013
2026/02/07 8:19:13.912 AM -06:00,12.9465723,37.63263702,9.280982971,10.4264822,9.989131927,12.75092125,14.17643452,15.34460831,0.931525767,15.29525852
2026/02/07 8:19:13.912 AM -06:00,9.693441391,31.10937119,17.31847763,13.48088932,9.495254517,14.09644413,18.60864067,24.57074928,0.933167517,18.75997162
2026/02/07 10:33:37.646 AM -06:00,12.48899651,30.28939629,12.5751152,9.443116188,7.552250385,0,13.83969879,25.68008232,0.930604756,18.99137878
2026/02/07 10:33:37.646 AM -06:00,12.90882397,38.77235413,17.25649261,18.36161423,18.79457092,23.88858604,24.48287582,20.20905495,0.930886745,18.18085098
2026/02/07 12:48:01.380 PM -06:00,12.52811146,30.82688713,17.34807014,18.3936882,18.98879814,26.76663589,25.82661819,24.82472229,0.931114912,18.1763134
2026/02/07 12:48:01.380 PM -06:00,12.95276165,38.31947327,16.81190109,8.933172226,10.17235565,17.23048973,13.2197752,25.92350769,0.935111463,19.19141769
2026/02/07 3:02:25.114 PM -06:00,13.2349472,10.84245872,17.36721802,6.995294571,18.85735893,26.15982246,14.54808235,11.2766695,0.932625115,19.5579319
2026/02/07 3:02:25.114 PM -06:00,7.982082844,38.71868134,7.590191841,9.926244736,0.141588226,0,8.338898659,44.40703201,0.894971669,12.45543385
2026/02/07 5:16:48.848 PM -06:00,8.334970474,40.94439316,8.435732841,9.776627541,0.958807528,22.9382267,14.49496365,13.4263258,0.938978374,12.90654945
2026/02/07 5:16:48.848 PM -06:00,15.02432632,29.78944778,17.09596443,17.25538635,17.778265,0,24.952034,46.07531357,0.934337795,21.33190536
2026/02/07 7:31:12.582 PM -06:00,8.583065987,40.52308273,17.35575104,17.04937172,1.552960157,0.210830063,23.8617897,25.63776588,0.930561125,13.09320259
2026/02/07 7:31:12.582 PM -06:00,15.58245754,29.92707443,9.343752861,11.19845295,13.32968807,16.8897686,16.68970299,15.14066982,0.933265805,22.08016014
2026/02/07 9:45:36.316 PM -06:00,14.71705151,30.99232101,17.35280991,10.63031101,17.62620926,23.31503677,16.30715561,26.483078,0.936784983,21.33590889
2026/02/07 9:45:36.316 PM -06:00,12.49484921,38.88929367,8.109817505,19.03010559,12.03257465,16.90883255,26.05056953,12.51297092,0.931781352,18.74119186
2026/02/08 12:00:00.050 AM -06:00,12.4605217,38.85197449,17.68639755,19.17069626,17.72820282,22.86074448,27.28509331,26.13988686,0.934478283,18.02987862
2026/02/08 12:00:00.050 AM -06:00,14.56641006,0,8.459114075,0.090034209,0.180898458,0.324498802,1.676532388,15.72965431,0.118650742,20.15711594
2026/02/08 2:14:23.784 AM -06:00,12.98244381,13.36918736,17.34309196,0.116384611,0.032505225,10.66423225,16.28691864,25.7902317,0.108669788,18.22951889
2026/02/08 2:14:23.784 AM -06:00,12.53853321,45.99861145,8.250494003,11.0511837,17.57311821,23.88249397,14.34319687,14.57664585,0.934194922,18.95373344
2026/02/08 4:28:47.518 AM -06:00,12.46313763,29.99605942,9.248118401,9.768258095,8.593424797,12.77316093,14.78355694,15.01769829,0.932871103,18.34245682
2026/02/08 4:28:47.518 AM -06:00,12.96701431,39.38698196,17.50027847,10.07110405,8.86009407,11.76430511,13.90928936,26.29614067,0.935869157,18.91782761
2026/02/08 6:43:11.252 AM -06:00,12.79669952,40.39151382,17.51631165,10.05664921,8.55424881,12.81095314,14.59270573,25.25237465,0.931513846,18.68649673
2026/02/08 6:43:11.252 AM -06:00,12.57223511,30.03762245,17.01142311,9.797496796,8.958293915,11.73916245,14.06925774,24.39782333,0.932092905,18.20908356
2026/02/08 8:57:34.986 AM -06:00,12.79985523,30.43941498,17.50730705,9.799881935,8.942077637,12.06998539,14.25341225,24.55436707,0.931297839,18.40586853
2026/02/08 8:57:34.986 AM -06:00,12.56572056,37.17141724,16.95134163,9.912054062,8.125656128,12.87130165,14.5375843,25.83622932,0.933847904,19.08732414
2026/02/08 11:11:58.720 AM -06:00,12.77479935,42.06987381,17.31747818,9.823616028,8.488621712,12.2103548,14.48706818,25.14189911,0.928616285,18.52659988
2026/02/08 11:11:58.720 AM -06:00,12.52588558,27.52918053,16.97864532,9.942085266,8.976903915,13.37647247,14.8511219,26.04595566,0.92899847,19.34218407
2026/02/08 1:26:22.454 PM -06:00,12.55253792,27.78947067,16.93221283,9.493395805,7.972918987,11.96633339,14.57045174,25.49143219,0.931137025,18.90035057
2026/02/08 1:26:22.454 PM -06:00,12.80240059,43.28864288,17.37187386,10.30444431,17.37541199,21.61472893,15.31815147,35.16622925,0.929331183,19.6019516
2026/02/08 3:40:46.188 PM -06:00,12.8069191,33.60734558,16.94721985,18.99979401,18.05054855,25.73303032,15.76129627,25.65498543,0.931152344,19.5376873
2026/02/08 3:40:46.188 PM -06:00,7.247927666,34.94968796,17.60579872,10.08655739,7.921010017,11.37821293,27.90408134,45.89256668,0.933691859,8.838326454
2026/02/08 5:55:09.922 PM -06:00,7.245544434,34.07301712,17.0065403,19.13926315,7.941189766,10.96470356,27.35951805,26.17438889,0.936943352,11.15146255
2026/02/08 5:55:09.922 PM -06:00,13.07576942,33.23769379,17.60655594,9.241930008,17.78884888,24.72799683,14.23198318,25.4598732,0.934883296,19.29656982
2026/02/08 8:09:33.656 PM -06:00,12.57793427,33.73017883,17.10256577,18.34320068,16.64663696,24.92327499,26.45740891,24.4536438,0.935713708,18.5524292
2026/02/08 8:09:33.656 PM -06:00,13.07140636,32.42350769,17.61110687,16.81284332,17.93887901,22.49511528,23.77218437,26.75732994,0.9389112,19.17128944
2026/02/08 10:23:57.390 PM -06:00,13.08448505,35.14257813,17.60741615,16.96302986,17.91697502,22.46917152,25.78332901,26.05040359,0.937272787,19.28245926
2026/02/08 10:23:57.390 PM -06:00,12.69497967,29.93893242,7.511482716,18.33036804,16.72849655,24.09438324,24.13321114,11.46404743,0.936730087,18.28114319
2026/02/09 12:38:21.124 AM -06:00,13.07748413,32.51486588,7.495069027,18.36753082,17.95148087,24.22142792,25.38889694,12.12973595,0.936265409,19.25354576
2026/02/09 12:38:21.124 AM -06:00,7.875942707,35.12285233,7.561291695,8.797316551,16.69022369,21.83271408,13.79472733,11.42618084,0.938056767,13.51262283
2026/02/09 2:52:44.858 AM -06:00,12.57032585,33.79788208,7.506422997,8.801578522,16.68967438,21.61166954,13.80896091,11.57523632,0.9356758,18.90930367
2026/02/09 2:52:44.858 AM -06:00,13.07061768,32.52392197,7.578744888,8.946209908,17.99151421,23.53247643,12.6674633,11.03845119,0.937094331,15.41344261
2026/02/09 5:07:08.592 AM -06:00,8.417284966,35.19435501,7.524517536,8.790570259,18.15000916,23.63398743,13.27681351,11.63538837,0.936021328,13.97606945
2026/02/09 5:07:08.592 AM -06:00,13.09437561,32.56158066,7.567743778,8.949063301,7.948624611,10.64730263,12.75956345,11.43103981,0.940050781,18.70357323
2026/02/09 7:21:32.326 AM -06:00,13.10364342,36.30894089,7.602507591,8.917946815,8.060087204,10.79023361,12.40163326,11.11681652,0.937252104,18.79379272
2026/02/09 7:21:32.326 AM -06:00,7.186918736,0.023349509,7.483999729,8.772366524,7.880497932,11.7530756,12.96461964,11.69456863,0.937524557,8.777943611
2026/02/09 9:35:56.060 AM -06:00,7.217521667,0.001671124,7.506056786,8.782148361,7.889844894,10.83292294,12.95284176,11.31647873,0.938808024,11.20860577
2026/02/09 9:35:56.060 AM -06:00,12.95914078,0.001671124,17.52087212,8.9668293,17.67294884,22.05528831,13.46011925,26.39289856,0.936888337,19.17864037
2026/02/09 11:50:19.794 AM -06:00,12.9919529,0.001671124,17.09746552,8.753567696,17.86634254,24.7402916,13.27055454,24.83292961,0.937754631,19.03202248
2026/02/09 11:50:19.794 AM -06:00,7.326849461,0.001671124,17.52731705,9.02483654,7.978826523,14.69194031,13.72960854,45.14080048,0.938630342,12.1681633
2026/02/09 2:04:43.528 PM -06:00,7.465043068,0.001671124,17.54128838,8.825063705,16.61953545,23.18046188,13.64407063,16.72537422,0.940496027,11.87510586
2026/02/09 2:04:43.528 PM -06:00,8.804765701,0.001671124,8.235796928,18.69538498,17.85800934,25.57063103,27.6700573,26.88816643,0.942852378,13.45862579
2026/02/09 4:19:07.262 PM -06:00,8.765852928,0.001671124,8.246306419,16.93836594,16.70690918,25.11230278,27.29012871,26.54788017,0.938001215,13.49924183
2026/02/09 4:19:07.262 PM -06:00,7.807875633,0.00156704,17.54445076,18.77225876,17.8963604,23.52618408,24.81340408,16.81860542,0.942083001,12.08495426
2026/02/09 6:33:30.996 PM -06:00,7.964525223,0.001686988,8.235221863,17.18081474,16.72955704,21.97392845,25.89411926,35.03846359,0.943067074,12.29114723
2026/02/09 6:33:30.996 PM -06:00,11.15947914,0.001686988,17.70904732,19.90791702,18.03866196,25.05365372,28.06760788,16.0904274,0.939992011,16.27682877
2026/02/09 8:47:54.730 PM -06:00,10.73307896,0.001686988,17.46724701,19.96663666,17.83791733,24.45934296,27.94176674,26.23069,0.939236939,15.6208353
2026/02/09 8:47:54.730 PM -06:00,7.936779022,0.001686988,17.74359131,18.42063141,7.964117527,10.66889763,26.41834259,25.49306107,0.940894902,12.54638195
2026/02/09 11:02:18.464 PM -06:00,8.355167389,0.001629342,17.70769501,18.29215622,12.49248886,15.83688545,27.54208565,26.06015778,0.939108849,12.55982971
2026/02/09 11:02:18.464 PM -06:00,9.636617661,0.001629342,7.820705414,19.89420509,17.96977806,23.78222275,25.99499893,13.66411686,0.9387725,14.15587521
2026/02/10 1:16:42.198 AM -06:00,8.341244698,0.001629342,7.78161478,19.7791481,18.0064373,22.67100716,27.42949486,11.94331264,0.941474617,12.70323372
2026/02/10 1:16:42.198 AM -06:00,14.68306065,0.001629342,17.83128548,18.13047028,16.7653141,24.28107643,25.83606148,26.89208221,0.939545989,21.22615051
2026/02/10 3:31:05.932 AM -06:00,14.48427582,0.001629342,17.82334137,18.09303474,17.94141579,25.0328598,27.55919266,26.82785988,0.938536644,20.94009209
2026/02/10 3:31:05.932 AM -06:00,8.70111084,0.001743654,17.35718346,19.6882267,16.68663025,22.38069153,26.5989151,25.34294891,0.937622368,13.0053196
2026/02/10 5:45:29.666 AM -06:00,8.873429298,0.001637407,17.83325958,19.73025513,16.7383213,24.06233788,27.41129303,26.21447182,0.941253841,13.44159222
2026/02/10 5:45:29.666 AM -06:00,8.631121635,0.001637407,7.80914259,16.93601799,18.01532364,22.81694031,25.85638618,11.85557938,0.938901544,12.87227249
2026/02/10 7:59:53.400 AM -06:00,8.663118362,0.001637407,7.803986073,18.49038887,16.73096657,22.63595009,25.83711624,12.82725143,0.937817574,13.09234524
2026/02/10 7:59:53.400 AM -06:00,14.51861191,0.001637407,7.934119701,17.07100296,17.86588669,23.94958115,27.19848824,12.03103542,0.939334929,21.18283844
2026/02/10 10:14:17.134 AM -06:00,8.277066231,0.001637407,7.82660532,17.02057457,17.93836021,22.52269363,26.33221436,12.06273079,0.942050815,12.66406155
2026/02/10 10:14:17.134 AM -06:00,14.5072155,0.001637407,8.335664749,18.43918419,16.72644234,23.89216423,27.29727173,32.75526047,0.937729239,21.06841087
2026/02/10 12:28:40.868 PM -06:00,13.99662971,0.001637407,8.212042809,17.16687965,17.86750031,24.0093956,27.68659782,12.44893074,0.938843489,20.24097824
2026/02/10 12:28:40.868 PM -06:00,7.43491888,0.001637407,8.326834679,18.6320343,7.970064163,11.79050064,26.61603165,13.22529697,0.940880179,12.32285786
2026/02/10 2:43:04.602 PM -06:00,0.311605066,0.001628696,8.218689919,17.10633659,14.46560669,12.08396626,27.53915215,13.28317261,0.854074061,0
2026/02/10 2:43:04.602 PM -06:00,8.99472332,0.001628696,8.341052055,18.62495804,7.955764294,18.63965607,25.79468536,11.90984917,0.943522513,13.15014362
2026/02/10 4:57:28.336 PM -06:00,12.00937176,0.001775513,7.651938438,18.61714554,18.40747452,22.36358643,26.39607239,11.49011898,0.943220973,5.415616512
2026/02/10 4:57:28.336 PM -06:00,3.009345531,0.001826149,12.57600689,8.653985977,7.732056141,11.02379608,13.61711788,16.49461174,0.948096514,16.85342216
2026/02/10 7:11:52.070 PM -06:00,4.277346134,0.001688077,12.80583572,10.22107506,14.11466408,18.29367828,26.80061913,17.24757957,0.947262466,15.64493942
2026/02/10 7:11:52.070 PM -06:00,11.30644608,0.001614868,8.494916916,18.89751053,8.233147621,11.49361229,16.28711891,12.58520603,0.942248642,2.638761997
2026/02/10 9:26:15.804 PM -06:00,12.49030972,0.001492832,11.16047192,18.89080429,12.80034637,16.09032059,26.52863312,15.46577263,0.949903965,17.27597046
2026/02/10 9:26:15.804 PM -06:00,4.468939304,0.001492832,17.12356377,17.25676537,13.94342422,18.28264618,24.72457695,24.04375839,0.937978327,12.36966801
2026/02/10 11:40:39.538 PM -06:00,0,0.001492832,12.73726654,9.939405441,7.931878567,11.26087761,14.92095184,17.67045975,0.937580585,0
2026/02/10 11:40:39.538 PM -06:00,11.85610867,0.001492832,17.16942215,18.92160034,13.96050262,17.8155899,26.81485558,23.37799454,0.93772465,16.63784027
2026/02/11 1:55:03.272 AM -06:00,9.234173775,0.001492832,17.17904663,10.37078381,8.416542053,12.70854092,16.76239777,18.5956459,0.939931035,0
2026/02/11 1:55:03.272 AM -06:00,8.056241989,0.001492832,13.00276566,18.85826874,14.04486179,17.96492004,26.74841881,23.3542614,0.937825859,12.93448448
2026/02/11 4:09:27.006 AM -06:00,8.346589088,0.001492832,17.16458893,18.66634369,13.00797558,18.29934692,26.01972198,23.43422699,0.939927101,12.04239845
2026/02/11 4:09:27.006 AM -06:00,8.03246212,0.001492832,16.07605743,17.12593269,14.10439301,16.228899,23.74026108,21.99425888,0.937436402,11.18808651
2026/02/11 6:23:50.740 AM -06:00,8.059649467,0.001492832,17.08520317,9.690508842,13.94480228,10.71335125,14.80026817,22.70872879,0.939895749,11.18301487
2026/02/11 6:23:50.740 AM -06:00,8.288698196,0.001492832,11.26882172,18.95339966,7.813697338,19.14950943,25.84116554,15.92465687,0.934026957,11.62276459
2026/02/11 8:38:14.474 AM -06:00,8.037414551,0.001492832,12.01028728,18.39300156,13.8015213,12.2433672,15.70234013,16.43637466,0.933170557,11.35676479
2026/02/11 8:38:14.474 AM -06:00,9.296088219,0.001613174,7.656477451,9.639864922,8.418172836,17.99979591,25.33873749,12.1237669,0.934840381,13.73021126
2026/02/11 10:52:38.208 AM -06:00,11.25047684,0.001613174,11.11709309,15.46412277,12.37343121,18.15479851,22.92465782,15.6887722,0.933525205,15.61906719
2026/02/11 10:52:38.208 AM -06:00,7.96645546,0.001820181,16.89623642,18.05217743,13.95796585,16.6608696,26.27877998,23.52910423,0.931613505,12.17461205
2026/02/11 1:07:01.942 PM -06:00,11.30626488,0.001695414,17.15092659,9.061450005,8.381025314,12.15848732,15.20894241,14.51480007,0.932382703,11.48172665
2026/02/11 1:07:01.942 PM -06:00,8.229170799,0.001710695,8.460202217,18.82117844,15.2345171,19.91617966,27.14659309,24.18104553,0.936561286,16.10918808
2026/02/11 3:21:25.676 PM -06:00,8.148569107,0.001710695,17.23375702,18.98627663,16.06490326,21.15937614,27.97769928,24.36776352,0.936270714,1.103413463
2026/02/11 3:21:25.676 PM -06:00,13.97702599,0.001710695,12.99992466,10.22224426,10.49400139,15.88495636,17.61375237,19.54609299,0.935450017,19.43206406
2026/02/11 5:35:49.410 PM -06:00,8.020284653,0.001710695,8.618796349,18.60202408,15.68309689,20.43483543,26.59181595,16.86445427,0.93858242,11.85816383
2026/02/11 5:35:49.410 PM -06:00,8.850666046,0.001710695,17.28199577,8.474376678,8.43545723,12.77070045,13.14651966,23.88283348,0.935189903,13.16736317
2026/02/11 7:50:13.144 PM -06:00,8.348530769,0.001816698,12.55173397,8.654221535,8.544371605,12.27940464,13.92811298,17.71000671,0.93627429,12.25339508
2026/02/11 7:50:13.144 PM -06:00,10.05220985,0.00156504,17.37951469,18.96231079,16.31594086,21.33198547,27.58363724,24.87984657,0.934902668,14.36809063
2026/02/11 10:04:36.878 PM -06:00,8.910023689,0.00156504,12.93035316,18.85535622,16.29247475,21.63565636,26.90030098,24.42320251,0.935492575,10.99261761
2026/02/11 10:04:36.878 PM -06:00,10.31738663,0.00156504,17.43049622,11.94764614,11.59038925,16.87744713,18.96438599,18.57959938,0.935557961,14.83041954
2026/02/12 12:19:00.612 AM -06:00,8.992826462,0.00156504,16.1795845,16.0974865,13.35654545,17.63481331,23.34034729,22.28800011,0.935132861,12.68087006
2026/02/12 12:19:00.612 AM -06:00,10.38036728,0.00156504,17.55862999,18.9474659,16.43507195,21.64259338,26.52881432,23.77418327,0.935870826,14.48538589
2026/02/12 2:33:24.346 AM -06:00,9.572564125,0.00156504,13.19128799,18.83288002,16.4937439,21.3238678,26.42075539,23.69436646,0.935932457,13.75157547
2026/02/12 2:33:24.346 AM -06:00,10.51476097,0.00156504,17.40218163,10.25364685,10.72305679,14.87978172,16.58786964,18.87286186,0.93404001,14.67238045
2026/02/12 4:47:48.080 AM -06:00,10.01977062,0.00156504,17.46595573,18.88930702,16.37545776,22.11206818,27.30255127,23.87290764,0.93524456,14.25772953
2026/02/12 4:47:48.080 AM -06:00,8.57787323,0.001680859,16.48210335,16.78036499,14.13229179,18.82081795,24.84783363,22.81119537,0.93738395,12.32803059
2026/02/12 7:02:11.814 AM -06:00,8.390138626,0.001554896,16.14732933,16.21252632,16.41696739,18.30532646,23.85660172,22.00893593,0.937789679,12.23566055
2026/02/12 7:02:11.814 AM -06:00,9.24603653,0.001554896,17.45180511,18.89604378,13.64412785,21.93178558,27.45002174,24.48717308,0.936638415,13.72873211
2026/02/12 9:16:35.548 AM -06:00,4.184975147,0.001676323,17.51594162,18.93706131,16.34893227,22.54122162,28.16348457,25.7152195,0.93512696,11.34714413
2026/02/12 9:16:35.548 AM -06:00,9.255825996,0.001571342,8.291484833,8.925308228,8.915738106,12.93090725,14.73844051,15.13770103,0.935496747,14.21974468
2026/02/12 11:30:59.282 AM -06:00,8.568675041,0.001571342,18.20215034,8.89972496,8.908686638,12.90329075,14.71762943,27.10115623,0.935178101,12.73954964
2026/02/12 11:30:59.282 AM -06:00,12.58050346,0.001571342,9.823642731,18.50498581,16.57312965,22.90928459,27.91745949,17.74041367,0.934021115,17.96341133
2026/02/12 1:45:23.016 PM -06:00,12.9632225,0.001571342,17.92817497,8.973237038,8.986078262,22.37482262,27.85996437,32.29053116,0.937816739,19.0097084
2026/02/12 1:45:23.016 PM -06:00,7.86392498,0.001571342,9.371124268,18.62667274,16.58412933,14.23248196,14.87729549,16.25671005,0.935379863,12.4282465
2026/02/12 3:59:46.750 PM -06:00,14.54913044,0.001571342,17.76311874,18.63709641,16.59524536,22.68914413,28.0921917,26.02582169,0.93545717,20.28725052
2026/02/12 3:59:46.750 PM -06:00,8.711966515,0.001571342,8.530537605,9.696669579,10.27339649,14.92489433,15.95196247,15.50123978,0.934537113,13.49381351
2026/02/12 6:14:10.484 PM -06:00,8.210366249,0.001571342,13.31997776,10.40412521,8.77507782,15.34722424,16.84607315,50.60549927,0.949258924,12.95609093
2026/02/12 6:14:10.484 PM -06:00,10.27790737,0.001571342,7.871219158,8.485803604,11.03540993,13.23505783,13.92987919,11.93297482,0.937639415,14.93863964
2026/02/12 8:28:34.218 PM -06:00,11.55753613,0.001571342,16.01759338,8.853778839,17.41633797,21.92417908,27.1763401,22.67495155,0.935518742,17.05067253
2026/02/12 8:28:34.218 PM -06:00,8.549580574,0.001571342,7.81999588,18.48568153,8.970569611,12.59108829,14.1833334,11.35770893,0.938815176,12.22584629
2026/02/12 10:42:57.952 PM -06:00,13.69577408,0.001515986,16.15285683,18.49578857,17.37442207,24.28824234,28.3495388,21.10259628,0.934883118,15.3961401
2026/02/12 10:42:57.952 PM -06:00,10.11663246,0.001641635,14.8003397,16.92805672,14.96845627,20.57203484,25.6658287,42.14522552,0.936230719,19.25608444
2026/02/13 12:57:21.686 AM -06:00,8.657802582,0.001520289,16.09526443,8.954596519,17.20068359,22.45357513,27.48206139,23.29485703,0.935276687,13.36654377
2026/02/13 12:57:21.686 AM -06:00,15.51400661,0.001520289,7.829261303,18.48779678,9.072473526,14.6607542,15.68171883,13.57012081,0.937194943,22.11856651
2026/02/13 3:11:45.420 AM -06:00,16.07531357,0.001520289,16.06368637,18.48886108,17.25904083,22.6313858,27.42644119,24.00794792,0.935099423,23.5533886
2026/02/13 3:11:45.420 AM -06:00,8.975711823,0.001520289,7.554082394,8.999370575,9.010202408,13.06802845,14.09725666,11.84704304,0.934252381,14.62067127
2026/02/13 5:26:09.154 AM -06:00,9.220685005,0.001620953,8.238965988,10.27023506,10.89096355,14.81224632,14.55522442,13.11169338,0.938345432,14.7445755
2026/02/13 5:26:09.154 AM -06:00,8.87018013,0.001644256,7.693443775,9.65378952,10.23166656,14.09671402,15.97697353,11.52157688,0.935824871,13.16912079
2026/02/13 7:40:32.888 AM -06:00,8.418841362,0.001641073,7.72263813,8.708848,8.759619713,12.9379158,14.04227829,11.8674984,0.936261415,12.94293022
2026/02/13 7:40:32.888 AM -06:00,10.60350323,0.001641073,15.53885174,18.3695488,17.13582993,22.08255959,26.8592186,23.0435524,0.937116683,15.81195545
2026/02/13 9:54:56.622 AM -06:00,8.895848274,0.001540809,7.764172077,9.072978973,17.21664429,22.79551697,28.256073,11.81110001,0.93803376,14.1458025
2026/02/13 9:54:56.622 AM -06:00,15.42773724,0.001540809,15.76322269,18.53546906,8.937722206,13.49632263,14.97967243,41.61730576,0.935961843,22.20217514
2026/02/13 12:09:20.356 PM -06:00,15.31449795,0.001540809,16.20404243,18.51009941,17.23588181,24.36885262,28.53516197,24.36753273,0.93614018,22.1817131
2026/02/13 12:09:20.356 PM -06:00,9.058086395,0.001683844,7.668587208,8.983949661,8.733618736,12.77871323,14.71272755,12.20999622,0.93726629,14.53783894
2026/02/13 2:23:44.090 PM -06:00,12.89078808,0.001562195,8.811964989,8.745583534,8.394393921,12.73804092,16.37685585,11.86230755,0.938198745,19.38374329
2026/02/13 2:23:44.090 PM -06:00,8.389528275,0.00166645,7.603888035,10.39559746,10.62361336,14.86955357,14.60846138,13.78391266,0.937035918,13.12110329
2026/02/13 4:38:07.824 PM -06:00,13.78965187,0.00156974,8.98626709,10.4933176,10.75753975,15.06687641,16.42590523,32.1493721,0.937425971,20.28348923
2026/02/13 4:38:07.824 PM -06:00,8.430196762,0.00156974,7.352734089,8.630702972,8.227526665,12.2613163,14.2003231,11.70934868,0.939901114,13.11971474
2026/02/13 6:52:31.558 PM -06:00,13.27542973,0.00156974,7.731406689,8.998429298,8.503077507,12.4155283,14.14580631,12.10508919,0.937849224,13.07608032
2026/02/13 6:52:31.558 PM -06:00,8.381333351,0.00156974,15.94787025,14.91603661,16.73677254,20.57256317,21.53039169,46.11845398,0.937239528,18.27958488
2026/02/13 9:06:55.292 PM -06:00,9.067008018,0.00156974,9.146857262,10.16774464,10.21241283,14.36008072,15.55433369,10.51698494,0.937810898,13.61669731
2026/02/13 9:06:55.292 PM -06:00,7.316948414,0.00156974,7.111902714,8.266425133,7.846010685,11.12693691,13.30497074,19.60475349,0.93868953,11.71289253
2026/02/13 11:21:19.026 PM -06:00,9.899582863,0.001533514,7.592254639,17.39690208,8.290143013,12.28341103,13.83843231,11.30268955,0.936466992,14.65565968
2026/02/13 11:21:19.026 PM -06:00,7.688341618,0.001574211,15.9997406,8.68036747,15.4028883,20.32353973,26.24765968,23.23171043,0.937793136,12.14147854
2026/02/14 1:35:42.760 AM -06:00,9.49569416,0.001574211,15.46083641,17.37423134,15.25215054,21.87818146,26.8675251,23.69518089,0.939127445,14.30721092
2026/02/14 1:35:42.760 AM -06:00,8.207287788,0.001574211,8.173826218,9.540722847,10.08266354,15.34030056,16.50078964,14.44719124,0.938464344,12.43769455
2026/02/14 3:50:06.494 AM -06:00,8.052828789,0.001574211,7.323132038,9.994001389,10.49602699,15.35701752,16.42559624,11.05792236,0.936451733,12.51945496
2026/02/14 3:50:06.494 AM -06:00,8.694138527,0.001574211,8.029911995,8.645488739,8.480902672,12.34303379,13.84163475,31.29969215,0.936661184,13.27621841
2026/02/14 6:04:30.228 AM -06:00,8.544110298,0.001574211,8.113767624,10.07559776,10.4968853,14.14800358,15.456707,12.74588871,0.940092802,12.3820467
2026/02/14 6:04:30.228 AM -06:00,8.782209396,0.001574211,7.60421896,9.607954025,10.194664,14.7213192,14.90935707,11.51453209,0.939463794,13.82547474
2026/02/14 8:18:53.962 AM -06:00,8.231370926,0.001574211,7.5704813,17.81736374,15.71842957,21.51482964,14.98669434,11.8815546,0.937313378,13.70964146
2026/02/14 8:18:53.962 AM -06:00,8.843065262,0.001574211,15.1195364,8.673834801,8.583835602,13.84403706,27.03281784,21.35822678,0.94158721,12.97491169
2026/02/14 10:33:17.696 AM -06:00,8.891909599,0.001691665,7.842941284,17.81788826,15.37738132,20.54467773,26.10662079,12.54653168,0.939834774,13.76086617
2026/02/14 10:33:17.696 AM -06:00,7.798902512,0.001568138,15.1529789,8.651351929,8.557138443,13.75804043,16.01977348,21.59198952,0.940170169,12.26807499
2026/02/14 12:47:41.430 PM -06:00,7.96335268,0.001571089,9.806552887,10.06017113,16.79657936,17.53299522,18.00733376,16.15408516,0.939001977,12.6182003
2026/02/14 12:47:41.430 PM -06:00,11.08591652,0.001571089,16.96677589,17.87171936,12.18883705,22.42302513,27.43552589,40.87461853,0.941597164,16.94912148
2026/02/14 3:02:05.164 PM -06:00,8.01753521,0.001571089,17.56752777,15.44283485,12.53190804,18.13510323,27.52835655,20.73916626,0.940277517,12.80980396
2026/02/14 3:02:05.164 PM -06:00,11.26200294,0.001571089,13.75425053,18.08929443,16.99419403,22.49734116,24.17886925,54.14136505,0.941355169,17.16944695
2026/02/14 5:16:28.898 PM -06:00,11.34945488,0.001571089,17.82921791,17.98230362,16.91133118,22.71138763,27.66039467,26.60088348,0.940123558,16.92728996
2026/02/14 5:16:28.898 PM -06:00,8.110777855,0.001571089,14.8258419,15.57382965,12.84163094,18.69730568,24.07272148,21.99141502,0.934300065,12.97742462
2026/02/14 7:30:52.632 PM -06:00,8.197655678,0.001571089,14.73080158,16.42828178,13.25613976,18.85755539,26.77013588,21.86114693,0.934613466,13.38092232
2026/02/14 7:30:52.632 PM -06:00,11.18877125,0.001571089,17.06547165,17.96276855,17.10946846,22.4794426,24.85143471,25.26196671,0.934015572,16.63761139
2026/02/14 9:45:16.366 PM -06:00,7.565285206,0.001582567,8.592015266,8.722777367,8.712321281,22.63619423,15.72648239,15.11741257,0.935794532,16.61693954
2026/02/14 9:45:16.366 PM -06:00,11.13197899,0.001837479,17.75977707,18.09501839,17.25165176,14.45635796,26.438797,25.0154953,0.934481144,12.54511642
2026/02/14 11:59:40.100 PM -06:00,10.5588007,0.001578961,17.80844879,17.78199577,17.18658447,22.35334778,25.81611824,24.71722794,0.934747219,15.41914558
2026/02/14 11:59:40.100 PM -06:00,7.403184414,0.001578961,13.72985268,15.24913692,12.84352779,17.51906204,22.45970535,19.2626667,0.934865713,11.29028893
2026/02/15 2:14:03.834 AM -06:00,7.57022953,0.001503956,15.05915928,16.66122437,13.89099216,18.76577568,24.14155579,21.01381874,0.93623203,11.61252308
2026/02/15 2:14:03.834 AM -06:00,7.406200886,0.001576891,7.613641739,8.663985252,8.536416054,11.40730572,12.72371292,10.97910976,0.933308303,11.27658081
2026/02/15 4:28:27.568 AM -06:00,10.57139874,0.001576891,17.11005592,10.03400803,11.91394615,22.5044899,25.853405,24.50736427,0.932748616,15.79241562
2026/02/15 4:28:27.568 AM -06:00,7.365432262,0.001576891,9.672836304,17.90352058,17.49559402,15.35338497,14.65208626,13.27056026,0.936662614,11.08347702
2026/02/15 6:42:51.302 AM -06:00,7.446805477,0.001576891,16.9845562,17.81041336,17.55965233,23.17186737,25.09114075,25.03290558,0.935282946,10.99049377
2026/02/15 6:42:51.302 AM -06:00,10.55909252,0.001556289,7.452176094,8.676905632,8.72998333,12.61668587,13.72195816,11.29579258,0.934237361,15.46990299
2026/02/15 8:57:15.036 AM -06:00,7.55124712,0.001556289,17.10638618,17.95072556,17.76215363,23.72795296,25.77471733,24.3930378,0.932747722,15.77860355
2026/02/15 8:57:15.036 AM -06:00,10.57647896,0.001540502,9.336986542,9.60451889,11.98948669,15.86270428,14.91923714,13.85747719,0.93396914,12.1853323
2026/02/15 11:11:38.770 AM -06:00,10.60204029,0.001576097,7.653225899,8.849206924,12.43737602,13.35184765,14.25866032,12.29662323,0.933734119,12.5374794
2026/02/15 11:11:38.770 AM -06:00,7.604504108,0.001576097,9.787799835,10.13619995,8.895633698,17.49512672,15.80088711,14.91919994,0.933377028,16.18813896
2026/02/15 1:26:02.504 PM -06:00,7.573595047,0.001372743,9.259533882,9.592064857,11.72051811,15.98024845,15.27395916,14.21276855,0.936045468,12.50159264
2026/02/15 1:26:02.504 PM -06:00,11.33195972,0.001585283,17.12164307,18.14281654,17.47953606,23.61062241,27.05948448,25.26449394,0.933280706,17.20354843
2026/02/15 3:40:26.238 PM -06:00,8.18974781,0.001585283,17.08644104,18.19441223,17.4962883,23.74529266,25.6822567,25.09719086,0.933725536,13.25428677
2026/02/15 3:40:26.238 PM -06:00,13.98433113,0.001585283,14.83799362,15.98693466,13.32905769,20.11354256,27.95538139,21.6427021,0.933830857,20.29634666
2026/02/15 5:54:49.972 PM -06:00,12.46877861,0.001585283,17.07598495,18.19620514,13.99355698,23.60315895,28.13220978,25.20120049,0.935949266,17.77193069
2026/02/15 5:54:49.972 PM -06:00,8.370961189,0.00147567,15.35875988,16.82917786,17.53861618,20.12915039,25.9955349,21.99337578,0.934160292,13.88199711
2026/02/15 8:09:13.706 PM -06:00,11.35298729,0.00147567,14.26352215,18.2907753,17.55644035,23.25388908,27.11193848,21.03812027,0.933435321,17.04251671
2026/02/15 8:09:13.706 PM -06:00,8.239500046,0.001607289,17.99905205,16.29105759,13.75148106,19.65884209,25.07200241,25.05402756,0.93338728,13.58750248
2026/02/15 10:23:37.440 PM -06:00,8.469766617,0.001669191,14.39299297,15.75965023,17.56012726,22.86859131,26.71734428,21.14321709,0.933642626,13.28219318
2026/02/15 10:23:37.440 PM -06:00,14.43545151,0.001560715,17.9867382,18.46635056,13.18696785,18.00018883,23.42731857,25.2332592,0.933983386,20.09804535
2026/02/16 12:38:01.174 AM -06:00,10.84805679,0.001560715,17.98695374,18.37796021,13.00897884,22.89685631,26.55391693,25.19262695,0.933608234,15.80381489
2026/02/16 12:38:01.174 AM -06:00,14.42984104,0.001560715,14.78202057,15.61608028,17.55830002,17.66718292,23.24121284,21.40185165,0.933921039,20.24039078
2026/02/16 2:52:24.908 AM -06:00,8.420742035,0.001560715,17.96677971,18.27116394,13.7712841,18.52022362,24.59915924,24.94374466,0.934553921,16.45866966
2026/02/16 2:52:24.908 AM -06:00,11.51631641,0.001560715,15.10052776,16.75537109,17.56833267,23.33920288,26.6528244,21.962183,0.93303442,12.92534351
2026/02/16 5:06:48.642 AM -06:00,11.4403429,0.001560715,16.89798164,15.7784853,13.48069859,23.11732292,26.34446526,23.57722282,0.933406711,16.29768181
2026/02/16 5:06:48.642 AM -06:00,8.257286072,0.001560715,14.17316914,18.22036934,17.62699509,18.56697464,24.05371666,20.15483665,0.934619963,12.30757713
2026/02/16 7:21:12.376 AM -06:00,8.368026733,0.001560715,13.92037106,15.53715134,13.59824753,23.42443657,24.0723362,21.02598953,0.934134424,12.77999973
2026/02/16 7:21:12.376 AM -06:00,11.47536373,0.001552441,17.1099205,18.32538986,17.65534973,18.88462257,26.96831512,24.37710762,0.933889508,16.73688889
2026/02/16 9:35:36.110 AM -06:00,8.305174828,0.001552441,17.09962273,18.34200096,17.56415939,24.23985291,27.44663811,24.28789711,0.934539139,5.594969749
2026/02/16 9:35:36.110 AM -06:00,11.49835396,0.001552441,8.243985176,8.864202499,8.896203041,13.19397163,14.50966263,13.38413715,0.933692455,17.21529198
2026/02/16 11:49:59.844 AM -06:00,11.51918316,0.001552441,8.259443283,8.835695267,8.877776146,12.91310024,14.35621834,13.0165329,0.933096886,17.70260429
2026/02/16 11:49:59.844 AM -06:00,8.222793579,0.001552441,16.9484005,17.92323494,17.62934494,23.83935547,27.51766968,24.9527092,0.933661878,12.92859364
2026/02/16 2:04:23.578 PM -06:00,8.221541405,0.001552441,17.67583084,18.16053391,12.84269714,18.9829731,20.62087631,36.05849838,0.935016155,13.52920151
2026/02/16 2:04:23.578 PM -06:00,11.43575001,0.001552441,11.63711739,12.8539362,17.81066895,24.56096077,28.18861008,18.40268898,0.934234083,17.36657715
2026/02/16 4:18:47.312 PM -06:00,8.221899986,0.001668432,16.79347229,18.1231842,17.80952835,24.39690781,28.0096817,25.11748695,0.932628095,13.46886349
2026/02/16 4:18:47.312 PM -06:00,12.34296513,0.001564594,9.892801285,10.14457989,12.06180477,18.44671822,18.76608086,17.39924812,0.936024666,18.38556671
2026/02/16 6:33:11.046 PM -06:00,9.163273811,0.001564594,8.386520386,10.07234764,9.376475334,16.08311272,18.17715263,15.91141605,0.934343457,14.84569263
2026/02/16 6:33:11.046 PM -06:00,12.33669186,0.001564594,16.60047531,17.94042015,17.408741,24.57575607,28.01724052,43.55445099,0.9340415,18.5552063
2026/02/16 8:47:34.780 PM -06:00,8.161785126,0.001564594,8.550904274,9.247380257,9.990540504,23.41441154,27.24271774,14.79123402,0.933303535,12.99113369
2026/02/16 8:47:34.780 PM -06:00,12.1701498,0.001564594,17.04462814,18.01830482,17.55368042,14.93013477,16.65882492,24.83098793,0.933434427,17.83718491
2026/02/16 11:01:58.514 PM -06:00,8.141985893,0.001579247,14.0757618,15.86543179,17.47937584,18.96062279,24.46338272,21.24814987,0.93132031,13.19007492
2026/02/16 11:01:58.514 PM -06:00,13.31573772,0.001579247,17.08703423,18.2461319,13.42049789,22.65235138,27.19445038,24.73480606,0.932854831,19.27410698
2026/02/17 1:16:22.248 AM -06:00,12.94722939,0.001579247,14.07353497,18.23838043,13.28744221,23.02655411,27.48707008,21.35780144,0.934682369,18.89123535
2026/02/17 1:16:22.248 AM -06:00,8.222924232,0.001579247,17.10598373,15.80621719,17.35355568,19.10371971,24.23610115,24.69810677,0.931540668,13.39131069
2026/02/17 3:30:45.982 AM -06:00,8.100319862,0.001579247,14.15695381,15.56560421,13.40253925,22.98303413,26.75940895,21.23856544,0.934306026,16.91568184
2026/02/17 3:30:45.982 AM -06:00,11.23058414,0.001450992,17.09542274,18.15073967,17.48933792,19.01937675,23.57107544,24.61862183,0.932104886,13.28726196
2026/02/17 5:45:09.716 AM -06:00,11.25184059,0.001553682,17.07504082,17.95590782,17.41591835,22.66123581,26.4371109,24.18387794,0.934733748,16.73020935
2026/02/17 5:45:09.716 AM -06:00,8.12852478,0.001553682,5.151054859,8.469949722,8.686625481,12.26484489,13.6108284,12.0106554,0.933428109,12.63606358
2026/02/17 7:59:33.450 AM -06:00,11.21734333,0.001627535,17.04767227,17.68586922,17.40432167,22.8541851,25.91170311,24.23188019,0.933902323,12.73947334
2026/02/17 7:59:33.450 AM -06:00,8.042618752,0.001641182,7.638422489,8.790203094,8.77836132,13.01802254,14.29485416,11.97574711,0.932814062,16.57963181
2026/02/17 10:13:57.184 AM -06:00,8.021597862,0.001519115,7.633290291,8.902222633,8.851006508,12.89542103,14.7550211,12.64681053,0.935353518,13.32376671
2026/02/17 10:13:57.184 AM -06:00,11.25769424,0.001519115,18.08448601,17.80638123,15.58045578,21.51721573,27.3430748,26.53468132,0.933086514,17.1581459
2026/02/17 12:28:20.918 PM -06:00,8.135838509,0.001632674,18.08057785,17.77495003,9.069021225,22.85787201,27.41646767,27.18108368,0.932753205,17.12541008
2026/02/17 12:28:20.918 PM -06:00,11.23239994,0.001632674,8.437906265,8.939105988,16.32732391,16.31930542,16.63176537,15.83346558,0.935390413,12.97258282
2026/02/17 2:42:44.652 PM -06:00,13.03175259,0.001626908,18.02553368,17.44511795,16.32327843,0,0,0,0.933358014,19.70885849
2026/02/17 2:42:44.652 PM -06:00,8.158345222,0.001626908,8.136641502,9.262134552,8.970950127,22.58462143,26.73204041,31.4362011,0.9350546,0
2026/02/17 4:57:08.386 PM -06:00,13.14862156,0.001626908,8.245337486,9.299249649,9.532493591,15.3947773,26.01918983,14.49866199,0.935772657,19.70713615
2026/02/17 4:57:08.386 PM -06:00,8.266174316,0.001626908,16.9033947,16.93490219,16.74915504,22.71963501,16.97721672,25.10519409,0.935907245,13.80061626
2026/02/17 7:11:32.120 PM -06:00,12.76053047,0.001626908,7.400430679,8.531937599,9.224534035,22.21056557,26.08852196,25.91566277,0.934522331,18.97311592
2026/02/17 7:11:32.120 PM -06:00,8.355617523,0.001626908,17.12818718,17.414608,16.6677494,15.25829124,15.62432003,13.478158,0.933620751,13.3709116
2026/02/17 9:25:55.854 PM -06:00,8.420075417,0.001626908,14.91995907,16.09902763,13.41873264,19.54851151,24.63695335,22.91600037,0.934827209,17.7084713
2026/02/17 9:25:55.854 PM -06:00,11.54434681,0.001647104,17.16512299,17.66689682,16.90746307,23.12968254,27.08209991,35.0499115,0.933106124,14.04696274
2026/02/17 11:40:19.588 PM -06:00,8.386247635,0.001478581,17.1620636,17.63621902,9.680164337,14.1825819,26.52859688,25.44197845,0.934350848,13.85250282
2026/02/17 11:40:19.588 PM -06:00,13.09885311,0.001478581,7.752144814,9.047185898,17.7757206,23.52585793,15.4003706,13.42856121,0.932702065,19.3806572
2026/02/18 1:54:43.322 AM -06:00,8.572135925,0.001478581,7.807229519,8.848796844,9.566522598,13.48539448,14.12629509,23.19047928,0.934432089,13.11396408
2026/02/18 1:54:43.322 AM -06:00,14.69096756,0.001478581,16.79513168,17.339571,17.68571663,22.82863617,24.77427673,12.24071598,0.933653951,20.90493011
2026/02/18 4:09:07.056 AM -06:00,8.64571476,0.001637026,7.919995785,8.954632759,9.78110218,14.47547626,14.47473335,13.22583675,0.932356656,14.36996937
2026/02/18 4:09:07.056 AM -06:00,12.86617947,0.001639544,13.70891953,13.285079,15.06009293,19.28551483,19.30776405,19.02996254,0.932330072,18.69630814
2026/02/18 6:23:30.790 AM -06:00,8.696084023,0.001505896,8.927417755,9.032550812,9.818733215,14.15385628,14.23789787,13.22310925,0.935998559,14.03194237
2026/02/18 6:23:30.790 AM -06:00,14.68111229,0.001571491,17.5260582,17.85971451,17.61112213,22.12942505,24.75008392,23.72241211,0.934027851,20.39077568
2026/02/18 8:37:54.524 AM -06:00,14.79472637,0.001565071,17.66038322,18.0132637,17.40951347,22.9736824,25.77824593,24.26098442,0.933538616,21.03783989
2026/02/18 8:37:54.524 AM -06:00,9.121349335,0.001565071,9.302586555,9.418954849,9.868104935,14.79861546,16.16303062,14.73975945,0.935877144,14.69167233
2026/02/18 10:52:18.258 AM -06:00,14.74249458,0.001565071,17.21692467,18.32201958,17.2888298,22.54583549,27.29079628,50.85468674,0.933724463,21.06423187
2026/02/18 10:52:18.258 AM -06:00,8.073815346,0.001565071,8.850185394,9.331455231,9.572864532,13.77892017,15.63007069,14.02113247,0.933951676,12.55780697
2026/02/18 1:06:41.992 PM -06:00,16.982584,0.001565071,17.29904556,17.27589226,14.80227566,19.48291016,25.15844345,25.0881424,0.933062792,23.17606544
2026/02/18 1:06:41.992 PM -06:00,7.271820068,0.001565071,8.073647499,8.551218033,8.445248604,12.67038822,14.29156685,13.16145802,0.934268117,11.79450512
2026/02/18 3:21:05.726 PM -06:00,16.29169655,0.001565071,14.35736179,13.715415,13.24783802,12.87440872,14.56416321,13.19125938,0.935128748,12.25482655
2026/02/18 3:21:05.726 PM -06:00,7.564734936,0.001565071,8.356013298,8.827238083,8.735426903,17.46389389,20.38835144,19.79335022,0.933100283,22.33916283
2026/02/18 5:35:29.460 PM -06:00,7.310340881,0.001565071,8.182518005,8.492027283,8.386090279,12.74166965,14.25087547,12.96344185,0.935637057,11.65676689
2026/02/18 5:35:29.460 PM -06:00,18.72272301,0.001565071,18.40101814,18.39315605,17.73516273,22.95144463,26.42450714,25.14876175,0.935788989,25.69847679
2026/02/18 7:49:53.194 PM -06:00,7.410076618,0.001565071,17.35485077,8.549803734,17.56492805,23.40853882,14.64388943,23.93651009,0.933180273,12.84064293
2026/02/18 7:49:53.194 PM -06:00,18.83311844,0.001565071,7.473946571,17.69852829,8.549676895,11.98761272,26.08455467,11.80394268,0.933042407,27.03998184
2026/02/18 10:04:16.928 PM -06:00,17.44440079,0.001565071,7.434638977,16.05702209,8.64807415,12.16680908,23.81607246,11.55370331,0.934022844,25.02536011
2026/02/18 10:04:16.928 PM -06:00,8.106868744,0.001519303,16.76555824,9.087283134,9.23886013,13.3971262,15.91991615,24.01989555,0.932179689,14.57129097
2026/02/19 12:18:40.662 AM -06:00,16.66130066,0.001519303,7.420526981,15.15732861,14.16663933,12.71352386,23.41737747,11.55273914,0.932952225,23.94898987
2026/02/19 12:18:40.662 AM -06:00,18.68265533,0.001519303,17.97317505,17.86593819,8.602021217,18.35001373,26.52237511,25.74921227,0.934090257,26.92811203
2026/02/19 2:33:04.396 AM -06:00,8.058175087,0.001519303,8.026741982,9.062394142,12.09213924,16.78128433,16.13258743,14.41961384,0.933460474,14.83952904
2026/02/19 2:33:04.396 AM -06:00,18.88298988,0.001519303,17.42472267,17.88180161,8.450696945,12.16239166,26.14264107,24.88739777,0.932897449,26.72221565
2026/02/19 4:47:28.130 AM -06:00,17.38161469,0.001519303,14.8737402,16.28738403,8.484126091,12.01513767,23.68361092,21.79202843,0.932242453,24.45614433
2026/02/19 4:47:28.130 AM -06:00,7.995647907,0.001631842,17.39064026,8.975850105,12.23278141,16.05999947,14.12857151,24.43378067,0.936885893,12.48078251
2026/02/19 7:01:51.864 AM -06:00,18.60970116,0.001631842,17.37016106,8.925733566,8.535655975,12.38182068,13.64269257,24.69412613,0.934315264,2.035384893
2026/02/19 7:01:51.864 AM -06:00,0.181815654,0.001527771,14.93404293,17.9628849,12.92077923,16.71803474,25.48338509,21.65202332,0.934045911,26.01394081
2026/02/19 9:16:15.598 AM -06:00,17.31936455,0.00152686,15.69943619,16.08641243,9.602902412,13.63986206,22.46821022,21.4675293,0.93478322,23.36291122
2026/02/19 9:16:15.598 AM -06:00,16.16856384,0.00152686,14.48613739,14.86746979,8.348009109,12.14661312,23.642416,23.88822746,0.932912052,24.82918739
2026/02/19 11:30:39.332 AM -06:00,7.932806492,0.00152686,7.498466969,8.342284203,8.396945,12.17179871,14.98974419,23.12612534,0.933922887,13.77351475
2026/02/19 11:30:39.332 AM -06:00,17.48847389,0.00152686,16.11582756,15.86330318,10.57141209,14.2632885,23.26984406,12.21183109,0.933331609,24.63591957
2026/02/19 1:45:03.066 PM -06:00,17.53547859,0.001629545,18.06065369,15.51825047,8.826961517,12.93155384,23.26101685,35.74481583,0.935580313,25.36973763
2026/02/19 1:45:03.066 PM -06:00,7.950437546,0.001629545,7.997648239,8.592482567,13.10521221,18.33287621,15.511549,14.85901928,0.93884033,14.21886921
2026/02/19 3:59:26.800 PM -06:00,7.370985508,0.001629545,7.215422153,8.045082092,8.709601402,17.75078011,13.76083183,25.73750496,0.941732407,25.45176506
2026/02/19 3:59:26.800 PM -06:00,17.36338234,0.001629545,18.35274124,16.37607956,12.79423714,13.53190994,24.39479256,14.09732342,0.939736009,12.11084175
2026/02/19 6:13:50.534 PM -06:00,7.839142323,0.001629545,18.06655312,8.359154701,10.66079617,17.77825356,24.57315445,25.88380241,0.940896749,11.6922636
2026/02/19 6:13:50.534 PM -06:00,17.39883614,0.001629545,7.609225273,16.46247864,13.0844059,14.81255341,12.82807159,11.49585533,0.938250124,25.171875
2026/02/19 8:28:14.268 PM -06:00,17.08348846,0.00151186,15.68105507,16.29781151,11.00632668,16.01207161,24.0353756,22.55156708,0.93870151,24.27590561
2026/02/19 8:28:14.268 PM -06:00,7.450798988,0.001634029,7.320120335,8.244345665,12.03470325,14.85571384,13.45090294,12.48355007,0.941498995,11.75346851
2026/02/19 10:42:38.002 PM -06:00,7.795323849,0.001634029,7.631690025,8.105322838,11.56595039,15.14661407,12.44811726,10.82754135,0.939487815,11.35527802
2026/02/19 10:42:38.002 PM -06:00,17.06132698,0.001576202,15.63249874,16.25707817,10.56438255,13.78065014,23.50825691,23.38424301,0.939532936,24.53874588
2026/02/20 12:57:01.736 AM -06:00,8.116901398,0.001441956,7.861691475,8.832958221,14.60880089,18.57682991,13.76756573,21.19331551,0.938097715,23.8079834
2026/02/20 12:57:01.736 AM -06:00,17.15030861,0.001441956,15.68068027,16.13730049,8.974006653,12.59995747,22.34905052,12.52831841,0.939387143,13.46458817
2026/02/20 3:11:25.470 AM -06:00,8.058522224,0.001441956,15.80870438,8.754160881,12.37635517,15.4399519,12.85508442,21.29375648,0.937671304,11.46983624
2026/02/20 3:11:25.470 AM -06:00,17.12682724,0.001441956,7.873679161,16.17691422,8.614346504,11.30122662,22.38151932,10.98398495,0.938044071,23.59015656
2026/02/20 5:25:49.204 AM -06:00,8.082554817,0.001441956,7.866029739,16.14478874,10.34508419,13.01292229,22.85961914,21.36525536,0.937600911,23.78180504
2026/02/20 5:25:49.204 AM -06:00,17.13606071,0.001441956,15.73882294,8.7570858,12.2756176,14.79172039,12.52654171,10.6773901,0.940298975,11.40621471
2026/02/20 7:40:12.938 AM -06:00,17.03873062,0.001441956,15.76843452,8.782536507,12.20842934,14.80422878,12.16143417,21.73026276,0.939269662,13.5633173
2026/02/20 7:40:12.938 AM -06:00,8.111186981,0.001441956,7.833543777,16.07250595,8.769389153,11.73349667,22.29392052,12.16232967,0.940058887,23.59189987
2026/02/20 9:54:36.672 AM -06:00,7.637809753,0.001441956,7.353437901,8.053956985,15.27356243,18.18458176,12.47455025,10.00556564,0.939663827,11.60911942
2026/02/20 9:54:36.672 AM -06:00,17.453125,0.001441956,16.61304665,14.43663597,9.735642433,13.06970024,19.81785011,22.35196877,0.940910816,23.61743736
2026/02/20 12:09:00.406 PM -06:00,0,0.001495616,4.200689793,0,0.802345812,13.90161324,0,0,0.937981963,0
2026/02/20 12:09:00.406 PM -06:00,17.4998436,0.001763627,16.67235374,14.57540321,14.505826,19.01622772,20.42925453,23.20235634,0.940776467,24.92956161
2026/02/20 2:23:24.140 PM -06:00,7.916435242,0.001569233,16.66524887,14.36863041,10.42657471,14.56550598,20.85439873,23.62771988,0.941892385,25.02853012
2026/02/20 2:23:24.140 PM -06:00,17.5262928,0.001569233,7.76513195,8.374459267,16.18586159,20.94099045,14.75980282,14.02724838,0.938800037,15.14402676
2026/02/20 4:37:47.874 PM -06:00,17.53051186,0.001569233,16.69808769,14.20217323,15.79434586,21.27822876,20.85544395,24.1756382,0.939955056,25.23545265
2026/02/20 4:37:47.874 PM -06:00,7.883211136,0.001569233,7.786028862,8.36572361,12.14017963,17.08853531,14.51389027,14.03099251,0.942426503,14.45119286
2026/02/20 6:52:11.608 PM -06:00,7.8616786,0.001569233,7.124924183,16.15128326,13.61654949,18.19401932,14.39286232,11.08856392,0.951981127,13.92884827
2026/02/20 6:52:11.608 PM -06:00,17.47202301,0.001569233,16.31597519,8.318379402,11.8177681,15.78693867,23.77283096,23.18062782,0.939856589,24.74412727
2026/02/20 9:06:35.342 PM -06:00,17.51254654,0.001569233,15.34611702,16.15699959,11.75081635,15.83481503,23.48399925,21.90655518,0.938264668,24.64751244
2026/02/20 9:06:35.342 PM -06:00,8.091433525,0.001579188,7.155368805,8.422323227,9.430709839,11.58540916,14.46341038,10.47713661,0.940845191,14.44826698
2026/02/20 11:20:59.076 PM -06:00,17.26290321,0.001579188,7.171073437,16.0349369,9.598386765,13.37915897,23.18691063,10.80167484,0.93757683,24.48840141
2026/02/20 11:20:59.076 PM -06:00,8.041842461,0.001579188,16.36647606,8.404439926,8.846055984,11.41284561,12.78319645,23.89910126,0.938324332,11.85924244
2026/02/21 1:35:22.810 AM -06:00,17.32087517,0.001435755,15.46679878,16.04997063,8.959104538,11.84662342,22.52170181,22.37740326,0.938034713,24.0592041
2026/02/21 1:35:22.810 AM -06:00,8.055980682,0.001435755,16.39131355,8.391551971,8.817552567,11.31792927,12.65743446,21.18932724,0.937840164,11.51840591
2026/02/21 3:49:46.544 AM -06:00,8.071725845,0.001435755,16.38030624,8.404919624,8.974663734,11.16974068,12.52770329,22.27202415,0.936958611,11.37815666
2026/02/21 3:49:46.544 AM -06:00,17.06393623,0.001435755,0.972941697,16.03890228,8.810599327,11.83205318,22.64149475,2.215009689,0.936458945,24.65350723
2026/02/21 6:04:10.278 AM -06:00,17.04465675,0.001435755,16.4484005,14.77917576,8.861952782,11.15625668,20.57551193,22.11787605,0.939005494,23.19028664
2026/02/21 6:04:10.278 AM -06:00,15.71491432,0.001435755,11.98016644,16.14898491,9.000917435,11.79251862,22.04824066,17.3867836,0.936226547,21.62290764
2026/02/21 8:18:34.012 AM -06:00,6.875291824,0.001435755,16.52197647,8.370534897,8.865584373,12.571064,12.33145905,22.28596687,0.936610043,11.43350697
2026/02/21 8:18:34.012 AM -06:00,16.95340157,0.001435755,7.959327698,15.99687767,8.996765137,11.30002594,23.0394249,11.69291019,0.939344168,24.01538849
2026/02/21 10:32:57.746 AM -06:00,16.84592628,0.001435755,16.51613808,15.9799509,8.940429688,12.00931549,12.8957243,22.8273201,0.93665719,12.52773571
2026/02/21 10:32:57.746 AM -06:00,8.058296204,0.001435755,8.067090988,8.361336708,10.71572018,13.69148445,22.67905807,12.29367256,0.938490391,23.52451134
2026/02/21 12:47:21.480 PM -06:00,8.106900215,0.001563553,16.60987663,8.412745476,10.7476902,12.42759705,13.41235638,12.58763885,0.937962353,12.87636757
2026/02/21 12:47:21.480 PM -06:00,17.41753578,0.001563553,8.145003319,16.1590519,9.044395447,14.50936031,23.56981087,22.97786903,0.939735889,24.41982079
2026/02/21 3:01:45.214 PM -06:00,7.609249115,0.001563553,7.949746609,7.996479511,10.47602367,13.68592548,12.38159847,12.36632061,0.937031984,12.23607349
2026/02/21 3:01:45.214 PM -06:00,17.5706234,0.001563553,16.87795448,16.19299316,8.988902092,12.24094486,23.37594986,23.75363159,0.93896234,24.7870636
2026/02/21 5:16:08.948 PM -06:00,8.09392643,0.001563553,8.046847343,8.369602203,8.950083733,13.11000156,12.6521244,12.18729687,0.941202164,12.20199394
2026/02/21 5:16:08.948 PM -06:00,17.57222176,0.001429244,16.96568489,16.24510956,9.876821518,12.11047935,23.54233551,23.17323494,0.937633157,24.47515297
2026/02/21 7:30:32.682 PM -06:00,8.096089363,0.001429244,17.0082283,8.368681908,9.066846848,12.99730015,12.2852335,22.97227669,0.937283158,11.89780903
2026/02/21 7:30:32.682 PM -06:00,17.45925903,0.001429244,16.02684784,16.1115284,9.991819382,11.70146179,22.97285843,21.49801445,0.936534464,24.28752899
2026/02/21 9:44:56.416 PM -06:00,15.91628456,0.001429244,16.10284615,16.22850609,10.01875114,12.97623634,21.24320602,21.97561836,0.939022481,24.19091415
2026/02/21 9:44:56.416 PM -06:00,17.4117012,0.001429244,18.03755951,14.8253746,9.101543427,11.82347107,22.86598969,24.25397491,0.935833335,22.58913803
2026/02/21 11:59:20.150 PM -06:00,9.388317108,0.001429244,17.17474174,9.173820496,9.219518661,12.22476959,13.59298229,24.03079605,0.936347663,23.91755867
2026/02/21 11:59:20.150 PM -06:00,17.4423008,0.001429244,18.09196663,16.1829586,8.758030891,11.32275009,22.35918045,23.00907898,0.936240196,14.04528141
2026/02/22 2:13:43.884 AM -06:00,15.59274292,0.001429244,18.21508026,14.52847862,8.935864449,11.74357033,20.31463242,23.99375153,0.939359605,21.60985565
2026/02/22 2:13:43.884 AM -06:00,17.38921165,0.001429244,9.24015522,16.25084686,8.779435158,11.45752239,22.44057274,12.91984463,0.934775889,23.76182365
2026/02/22 4:28:07.618 AM -06:00,17.40768623,0.001429244,17.85726738,8.40542984,8.789525986,11.55741596,12.27335453,24.48417091,0.935647368,23.56508827
2026/02/22 4:28:07.618 AM -06:00,8.120745659,0.001429244,17.19959831,16.32900047,8.906546593,11.22541046,22.92210388,22.57697868,0.939225972,12.44935226
2026/02/22 6:42:31.352 AM -06:00,8.108625412,0.001429244,17.19769669,8.396924973,9.710229874,12.06466866,11.76754761,22.25748825,0.936235905,11.494874
2026/02/22 6:42:31.352 AM -06:00,17.19636726,0.001429244,18.09755898,16.09124565,8.754878998,11.14547729,22.25296593,23.63725662,0.934504151,23.43125343
2026/02/22 8:56:55.086 AM -06:00,8.101276398,0.001429244,9.577613831,8.392889023,8.803459167,11.37508392,12.47969723,13.298913,0.936118662,10.81305981
2026/02/22 8:56:55.086 AM -06:00,17.20713425,0.001429244,18.20845795,16.18849373,9.023004532,12.22649002,22.86436844,25.01604843,0.938088655,24.17819786
2026/02/22 11:11:18.820 AM -06:00,17.19796181,0.001429244,18.21702194,13.86655235,8.870144844,12.00039959,21.40583611,23.81274414,0.935939968,22.37471199
2026/02/22 11:11:18.820 AM -06:00,15.77200127,0.001541235,17.19535255,16.07494926,9.114426613,12.41433334,23.24745178,24.93029404,0.937552392,24.29942513
2026/02/22 1:25:42.554 PM -06:00,17.20171356,0.001595908,18.13290977,9.741651535,9.046598434,12.35214329,15.81367683,25.46701431,0.937995732,15.69655323
2026/02/22 1:25:42.554 PM -06:00,8.513622284,0.001595908,9.580811501,16.06788635,9.951444626,13.40352726,23.29414368,14.94880772,0.937157869,24.51145363
2026/02/22 3:40:06.288 PM -06:00,15.53361988,0.001595908,9.278593063,14.56706619,9.012420654,12.68517971,21.54482269,14.47652435,0.936031818,22.55622292
2026/02/22 3:40:06.288 PM -06:00,17.21202278,0.001595908,18.21520424,16.10296059,10.7029314,14.32181931,23.34915543,25.51619339,0.935209274,24.4437561
2026/02/22 5:54:30.022 PM -06:00,15.86393929,0.001595908,18.22994995,16.07023239,10.8377924,14.26489067,23.08970451,25.21336746,0.938064814,24.37211418
2026/02/22 5:54:30.022 PM -06:00,17.18057251,0.001595908,17.20949936,14.83987999,9.09485054,12.29788113,21.2318058,23.64009476,0.936948895,22.3026123
2026/02/22 8:08:53.756 PM -06:00,16.02779579,0.001595908,17.40982246,16.03960228,9.318724632,11.77793026,22.32136154,24.53078461,0.934383035,23.74780464
2026/02/22 8:08:53.756 PM -06:00,17.22495651,0.001392492,18.15591049,14.90179062,9.086441994,12.27315807,20.8704052,23.35404968,0.936070919,22.25114632
2026/02/22 10:23:17.490 PM -06:00,17.21694183,0.001392492,18.28110886,14.4785099,8.870555878,11.70780182,22.85716438,24.69667435,0.935432017,23.66858864
2026/02/22 10:23:17.490 PM -06:00,15.58032703,0.001392492,16.55103111,15.96158028,10.57029438,13.40485954,20.4447422,22.49206734,0.936059475,21.69286537
2026/02/23 12:37:41.224 AM -06:00,16.13978958,0.001392492,16.36249924,15.99159813,8.977024078,12.05317116,22.12339401,22.30041885,0.935934484,23.59675217
2026/02/23 12:37:41.224 AM -06:00,17.22270584,0.001392492,18.14498138,14.93790913,10.61436939,13.54755116,21.28878212,23.92234993,0.938447595,22.71782112
2026/02/23 2:52:04.958 AM -06:00,17.21739388,0.001392492,18.23327637,15.95896435,10.52475834,13.39206505,21.83241653,24.20251846,0.935458124,23.45096397
2026/02/23 2:52:04.958 AM -06:00,9.028199196,0.001392492,17.35404015,9.347310066,8.907347679,11.70956421,14.62858582,22.8298645,0.935707986,14.52533913
2026/02/23 5:06:28.692 AM -06:00,15.67874908,0.001392492,17.31806755,16.08003426,8.929902077,11.6655283,22.00047112,22.81139374,0.935218096,23.29958153
2026/02/23 5:06:28.692 AM -06:00,17.16129684,0.001392492,18.21972084,14.75516033,10.56032372,13.09627247,20.4125061,23.87018204,0.93998003,21.71318817
2026/02/23 7:20:52.426 AM -06:00,15.96881104,0.001392492,18.26413918,14.8371191,8.876713753,11.46443176,20.51976776,22.87278175,0.937567174,21.94913483
2026/02/23 7:20:52.426 AM -06:00,17.06367493,0.001392492,17.40019798,15.95847511,10.57736683,13.77329445,22.05099487,24.343647,0.934747159,23.44837952
2026/02/23 9:35:16.160 AM -06:00,15.7454586,0.001493171,18.29357338,14.70060444,8.917407036,11.99670601,20.9304657,23.77222061,0.937627494,21.44067383
2026/02/23 9:35:16.160 AM -06:00,17.11994171,0.00154291,17.24610329,15.97941208,10.41826344,13.91749668,22.62339592,25.51211166,0.935366809,23.57017136
2026/02/23 11:49:39.894 AM -06:00,15.87395668,0.001505501,18.25771713,14.72372246,8.858867645,12.4585619,21.89502144,25.81130028,0.93500185,22.74595833
2026/02/23 11:49:39.894 AM -06:00,17.16234398,0.001505501,8.917029381,15.86104488,10.56499672,14.56066418,23.4785614,13.92395401,0.935936213,24.39115334
2026/02/23 2:04:03.628 PM -06:00,17.15496635,0.001505501,1.049864769,15.90600395,10.6075058,15.05927467,0,15.76640606,0.937201262,24.70817757
2026/02/23 2:04:03.628 PM -06:00,0,0.001505501,10.04362679,0.13847816,0.032468546,0.165843636,23.46806908,0,0.936550617,0
2026/02/23 4:18:27.362 PM -06:00,7.511577129,0.001505501,9.437450409,7.962487221,10.62678909,15.03802776,13.3357563,14.23610687,0.935071886,12.34467697
2026/02/23 4:18:27.362 PM -06:00,16.60557175,0.001505501,17.8477478,14.75499439,8.388433456,12.35450935,21.95092201,25.45609474,0.938874662,23.84334946
2026/02/23 6:32:51.096 PM -06:00,7.621319294,0.001505501,17.53783989,8.348597527,10.19430637,14.2178421,14.26173306,24.60897636,0.93566376,13.25786018
2026/02/23 6:32:51.096 PM -06:00,16.37024498,0.001609853,13.54502487,15.90350342,8.190752983,11.61868954,23.29693604,19.94653511,0.935457051,23.30147171
2026/02/23 8:47:14.830 PM -06:00,16.38122177,0.001624443,16.51480675,15.71932602,8.109983444,11.1480484,22.63082886,23.9341011,0.935318112,22.6813488
2026/02/23 8:47:14.830 PM -06:00,14.99750233,0.001507515,17.3366394,14.46502113,9.007389069,12.09286022,20.98418808,22.84013557,0.937970936,21.07038307
2026/02/23 11:01:38.564 PM -06:00,15.05733681,0.001507515,16.57310867,14.53408813,8.190879822,12.15748119,22.71500969,24.27697182,0.937609196,22.78389549
2026/02/23 11:01:38.564 PM -06:00,16.42791557,0.001507515,17.37003899,15.76827908,9.021378517,11.080513,21.2657032,22.51320076,0.936432421,21.08176613
2026/02/24 1:16:02.298 AM -06:00,15.16111183,0.001507515,17.45058632,14.64281082,8.062064171,11.05578899,20.99253845,22.53412056,0.936194301,20.90699005
2026/02/24 1:16:02.298 AM -06:00,16.42595863,0.001507515,16.53867149,15.80571365,9.745137215,12.83104706,22.41362381,23.45550537,0.937045753,22.69146156
2026/02/24 3:30:26.032 AM -06:00,14.90894985,0.001507515,17.40430832,15.92169857,7.936929703,12.93535805,22.39476013,23.31758308,0.936544538,22.41902351
2026/02/24 3:30:26.032 AM -06:00,16.4270668,0.001507515,16.60940742,14.60955811,9.89004612,11.05062771,20.9590435,22.35433769,0.9348194,20.76886368
2026/02/24 5:44:49.766 AM -06:00,16.45708275,0.001507515,17.36832047,15.8952055,8.280487061,11.06808186,20.852211,22.47264671,0.939005911,20.73285675
2026/02/24 5:44:49.766 AM -06:00,15.04206467,0.001507515,16.61332512,14.63550854,9.867447853,12.86216736,22.34937286,23.46468925,0.936963439,22.27198219
2026/02/24 7:59:13.500 AM -06:00,15.09787655,0.001507515,15.80967617,14.56441402,9.798948288,12.8687849,21.03573799,22.72564316,0.936155677,21.22161102
2026/02/24 7:59:13.500 AM -06:00,16.471138,0.001507515,17.42515564,15.8292923,3.398494959,10.83813763,22.94893265,24.54254723,0.946669579,23.22166061
2026/02/24 10:13:37.234 AM -06:00,16.43670464,0.001630411,17.52482033,14.59021759,8.152373314,11.7636137,22.22870255,22.85396767,0.938451946,22.18406487
2026/02/24 10:13:37.234 AM -06:00,15.13310146,0.001630411,16.31274796,15.82701206,10.68666077,14.48321724,24.2547493,26.50303459,0.938740253,23.94620514
2026/02/24 12:28:00.968 PM -06:00,16.47425079,0.001630411,16.31827164,14.04664993,11.06073093,15.48756409,22.6431427,24.29722404,0.940803587,22.21425819
2026/02/24 12:28:00.968 PM -06:00,15.25029469,0.001639303,17.16095924,15.78025627,8.147584915,12.19174576,24.32699203,25.6688652,0.937243223,24.13699722
2026/02/24 2:42:24.702 PM -06:00,16.14047813,0.001639303,17.19342232,8.267294884,8.043258667,11.96703815,15.29853058,24.87980461,0.938148797,24.24058914
2026/02/24 2:42:24.702 PM -06:00,7.56510067,0.001639303,16.32487869,15.61640644,9.825806618,13.83312988,24.12397385,25.78162766,0.93655014,14.1342411
2026/02/24 4:56:48.436 PM -06:00,16.52648926,0.001639303,17.18493271,8.322146416,8.204270363,12.33674049,24.1769352,25.89412117,0.936657548,24.16573143
2026/02/24 4:56:48.436 PM -06:00,7.578260422,0.001639303,16.2161808,15.75353432,11.64317226,16.01015472,15.58586884,24.05572891,0.939303517,14.2438221
2026/02/24 7:11:12.170 PM -06:00,16.94153214,0.001639303,15.00292587,15.77412796,9.36752224,12.97374249,23.93185425,25.3589344,0.938398898,24.50163269
2026/02/24 7:11:12.170 PM -06:00,8.312003136,0.001639303,17.17925644,8.286570549,13.59741116,18.70554352,14.41218281,22.38607025,0.936645031,14.87688637
2026/02/24 9:25:35.904 PM -06:00,16.89962387,0.001639303,16.20563507,15.5377388,9.360577583,15.08827305,23.72626877,23.72582436,0.93911314,24.66167831
2026/02/24 9:25:35.904 PM -06:00,8.277395248,0.001683069,17.14950943,8.321912766,10.94300938,12.9570055,13.72345734,25.1246624,0.937142432,12.54193115
2026/02/24 11:39:59.638 PM -06:00,8.375470161,0.001576685,17.16005898,15.02076435,10.96453285,14.93379116,22.63691521,25.04052544,0.936575115,15.28418541
2026/02/24 11:39:59.638 PM -06:00,15.90110016,0.001576685,16.24228287,8.384198189,9.170126915,12.77369881,15.28971767,23.70731926,0.937632024,23.46655273
2026/02/25 1:54:23.372 AM -06:00,8.279402733,0.001576685,9.090918541,8.299638748,9.287288666,12.986619,22.31476784,14.89771557,0.938304782,12.93269062
2026/02/25 1:54:23.372 AM -06:00,15.94267178,0.001576685,16.96914864,15.02128696,10.84512138,14.80638027,13.1773119,24.58177948,0.936970651,23.37606621
2026/02/25 4:08:47.106 AM -06:00,15.8712616,0.001576685,16.27168465,13.71296597,9.178473473,12.57034206,22.24659348,24.63099289,0.936319768,22.92807007
2026/02/25 4:08:47.106 AM -06:00,14.50469398,0.001576685,17.20277977,15.0822401,10.86964893,14.74125862,20.74425888,22.53827667,0.940912366,21.43412209
2026/02/25 6:23:10.840 AM -06:00,14.65276241,0.001576685,17.2226429,13.9522047,8.828278542,12.70005512,21.2468853,22.76150894,0.937542319,21.47919273
2026/02/25 6:23:10.840 AM -06:00,15.81685257,0.001576685,16.32468414,15.02375984,11.19330883,14.90474606,22.62121201,24.54454422,0.93757081,23.07279205
2026/02/25 8:37:34.574 AM -06:00,15.7075119,0.001576685,16.29597473,15.05565548,9.248198509,13.07258987,21.87752342,23.89616585,0.937447906,23.17713737
2026/02/25 8:37:34.574 AM -06:00,14.60694599,0.001576685,17.10962105,13.96734715,10.79432964,14.96347713,23.7886982,25.72804642,0.940757096,21.88292313
2026/02/25 10:51:58.308 AM -06:00,7.821234226,0.001576685,16.31565666,7.881471157,9.228868484,13.1941824,23.5128479,24.74274635,0.937977791,12.8276701
2026/02/25 10:51:58.308 AM -06:00,16.46588898,0.001576685,17.13952255,15.48276711,12.49989605,16.92695236,13.58547401,25.64467621,0.939231277,24.00477028
2026/02/25 1:06:22.042 PM -06:00,8.385838509,0.001576685,17.11215591,15.56682682,13.1032629,17.81347275,25.10067558,24.62076378,0.938965499,25.04381752
2026/02/25 1:06:22.042 PM -06:00,16.61585045,0.001576685,16.21115685,8.350681305,8.747145653,12.95022488,15.78140545,46.63896179,0.941339076,16.28730965
2026/02/25 3:20:45.776 PM -06:00,9.87642765,0.001691511,16.94109535,9.623076439,9.596646309,14.04626369,17.85364532,24.06822014,0.939499378,17.75072861
2026/02/25 3:20:45.776 PM -06:00,16.73560143,0.001691511,16.07975197,15.48880863,13.68226528,18.67954254,24.50885773,45.86965942,0.944976628,25.11576271
2026/02/25 5:35:09.510 PM -06:00,16.77242088,0.001590811,16.93711281,7.861083508,11.92128849,16.62477684,24.06391525,23.85409737,0.942799628,25.00584221
2026/02/25 5:35:09.510 PM -06:00,7.313919067,0.001590811,15.8679266,15.54236221,9.139762878,13.03243256,13.39290905,33.61769104,0.939562082,11.8462534
2026/02/25 7:49:33.244 PM -06:00,16.2888279,0.001590811,16.85219383,15.59029961,10.85336876,12.99251842,23.97486496,24.77310181,0.939623177,23.93352699
2026/02/25 7:49:33.244 PM -06:00,15.16504002,0.001590811,16.08068275,14.53461933,9.156165123,15.27530766,22.87327576,23.83374786,0.939299881,22.58716393
2026/02/25 10:03:56.978 PM -06:00,7.734541416,0.001590811,16.8980999,8.195782661,10.76429462,12.89644432,13.47751617,22.75766754,0.94159615,12.38664532
2026/02/25 10:03:56.978 PM -06:00,16.53942871,0.001639436,15.90290165,15.79431534,9.122805595,15.04508114,23.614048,24.80497169,0.939836204,23.7575779
2026/02/26 12:18:20.712 AM -06:00,16.55164146,0.001565958,16.86912727,14.56173515,10.60766602,14.49902821,23.4185524,24.25696564,0.94051379,23.34740829
2026/02/26 12:18:20.712 AM -06:00,15.32924747,0.001565958,15.89710236,15.88438797,8.993620872,12.76220894,22.06180191,22.93493843,0.94009161,21.96352196
2026/02/26 2:32:44.446 AM -06:00,7.762564659,0.001565958,8.736298561,15.91845894,10.63918495,14.6417675,23.54244232,23.8085041,0.936652124,13.24339104
2026/02/26 2:32:44.446 AM -06:00,16.64329147,0.001563465,16.87312698,8.233697891,8.960091591,12.65570736,14.28204441,15.03994083,0.93860358,23.36230469
2026/02/26 4:47:08.180 AM -06:00,15.13335991,0.001556044,16.98713684,15.90777206,10.64575005,14.34532738,23.35904884,24.14614487,0.937874675,21.32788658
2026/02/26 4:47:08.180 AM -06:00,16.7467041,0.001556044,9.306342125,14.56201077,8.956236839,12.40798092,21.51608849,14.36849785,0.943235397,23.65036201
2026/02/26 7:01:31.914 AM -06:00,16.83178139,0.001556044,11.70201397,14.58844757,10.56543922,14.02476215,21.79114342,16.44734383,0.939548075,22.11017799
2026/02/26 7:01:31.914 AM -06:00,15.49398708,0.001556044,17.10037613,15.95733833,8.94319725,12.37097836,23.64295006,23.75310326,0.939837694,23.56641388
2026/02/26 9:15:55.648 AM -06:00,7.663185596,0.001543173,17.03259659,8.218178749,11.38790703,15.35638332,14.04001713,24.33549309,0.938315749,13.73997593
2026/02/26 9:15:55.648 AM -06:00,16.60414314,0.001543173,8.785853386,15.85727596,9.006490707,13.36034584,24.2107048,13.22022152,0.942479908,24.2929306
2026/02/26 11:30:19.382 AM -06:00,16.54445267,0.001543173,8.784502983,15.88444233,8.953517914,13.27485847,25.40818024,13.26403999,0.941777706,24.59746361
2026/02/26 11:30:19.382 AM -06:00,7.532571793,0.001655468,8.868444443,8.210968018,12.34293652,16.4372673,16.34451294,51.03061295,0.940135479,14.9031744
2026/02/26 1:44:43.116 PM -06:00,7.505595207,0.00159806,8.908968925,7.976686001,12.11743259,16.88051033,13.2538662,22.79309654,0.941390038,11.62744045
2026/02/26 1:44:43.116 PM -06:00,15.93813801,0.00159806,8.752837181,15.06810093,9.102757454,13.87761784,24.68326187,13.49161243,0.93704021,24.17490768
2026/02/26 3:59:06.850 PM -06:00,14.72951031,0.00159806,8.760703087,14.1714201,9.031430244,13.56845093,22.91359138,13.44526863,0.939351022,23.69438744
2026/02/26 3:59:06.850 PM -06:00,15.72823715,0.00159806,16.14420128,15.1594553,13.91356277,18.25668335,23.88324356,22.85521889,0.941994846,22.46142578
2026/02/26 6:13:30.584 PM -06:00,8.080870628,0.00159806,8.791430473,8.696608543,9.026823044,16.67669868,16.32031441,13.63208294,0.942410946,23.5520401
2026/02/26 6:13:30.584 PM -06:00,16.42691612,0.00159806,16.98256302,15.61386108,12.16705418,13.11298466,23.93007088,56.26823425,0.939607561,14.4457655
2026/02/26 8:27:54.318 PM -06:00,16.4301281,0.00159806,17.05853844,15.77725887,8.972480774,12.64224339,24.3545723,24.68977356,0.939245999,22.81158257
2026/02/26 8:27:54.318 PM -06:00,15.37231255,0.00159806,16.1436882,14.83636665,10.86702347,15.04680347,23.3968544,23.65545654,0.94503969,23.86899376
2026/02/26 10:42:18.052 PM -06:00,16.48181725,0.001582035,17.00243187,14.5020237,10.58943558,12.51544476,23.82679749,24.35108185,0.938897729,23.9466114
2026/02/26 10:42:18.052 PM -06:00,15.04715919,0.001582035,13.2444706,15.76561928,9.02930069,14.71841812,22.26268578,20.33785629,0.93856132,22.40680885
2026/02/27 12:56:41.786 AM -06:00,7.705730438,0.001582035,16.8004303,8.424465179,9.016262054,14.17588234,23.73424149,23.75296593,0.938505769,23.62652779
2026/02/27 12:56:41.786 AM -06:00,16.49944115,0.00145319,8.52052784,15.87897396,10.39013672,12.57799625,16.0566082,12.92282486,0.94526732,14.4364872
2026/02/27 3:11:05.520 AM -06:00,15.44381237,0.001580177,8.687947273,15.90866661,9.016641617,12.72230053,22.7092495,13.06618404,0.939066708,22.53407478
2026/02/27 3:11:05.520 AM -06:00,16.51816368,0.001580177,8.989790916,14.8276577,10.27504063,13.80660439,23.50818634,13.50862885,0.937552631,23.36025429
2026/02/27 5:25:29.254 AM -06:00,16.50471306,0.001580177,9.017249107,15.90599346,10.5284996,14.20565224,23.48867607,13.57590485,0.943978786,14.41383743
2026/02/27 5:25:29.254 AM -06:00,7.656634331,0.00157507,7.423884869,8.359754562,8.982365608,12.50125504,14.85678577,10.45131397,0.938067377,23.38169479
2026/02/27 7:39:52.988 AM -06:00,15.32635117,0.00157507,9.05224514,15.75586891,9.037416458,12.41415882,22.17145538,13.03359985,0.938119054,22.45025635
2026/02/27 7:39:52.988 AM -06:00,16.47017288,0.00157507,8.927876472,14.64538288,11.54513168,15.46545219,23.98286629,13.73622513,0.936481059,24.09164238
2026/02/27 9:54:16.722 AM -06:00,16.46137619,0.00157507,8.922812462,15.72871494,9.025145531,13.38398361,24.600914,11.98970413,0.944233954,24.35723877
2026/02/27 9:54:16.722 AM -06:00,7.184491634,0.00157507,9.843642235,8.02210331,10.5173893,14.80481243,13.70283127,33.32143021,0.937561572,12.81850147
2026/02/27 12:08:40.456 PM -06:00,7.247766018,0.00157507,8.300419807,7.964767933,9.063755035,13.55744076,13.62591648,12.56700039,0.937709689,7.108864784
2026/02/27 12:08:40.456 PM -06:00,16.03281593,0.00157507,18.15400887,15.04285908,13.71326733,18.55281639,22.2549572,25.00336075,0.945664883,22.75704956
2026/02/27 2:23:04.190 PM -06:00,16.20420456,0.00168475,18.22167969,15.43167591,12.04120636,17.201231,24.1762867,27.83497429,0.938539624,24.30475616
2026/02/27 2:23:04.190 PM -06:00,7.116127968,0.001567099,8.429590225,7.815375328,9.156747818,13.86187649,14.88845634,14.99571514,0.938520849,12.97013664
2026/02/27 4:37:27.924 PM -06:00,7.661119938,0.001688907,8.985202789,8.267334938,9.10447216,13.68038177,14.53260994,14.89272308,0.928021789,12.79794502
2026/02/27 4:37:27.924 PM -06:00,16.06095695,0.001567647,18.19626999,15.44842339,10.65226364,15.19351387,24.05906487,58.94268799,0.944045544,24.0983181
2026/02/27 6:51:51.658 PM -06:00,7.677711964,0.001567647,18.20640755,8.291851044,10.48158169,14.77426624,24.16673279,16.6405468,0.938708425,24.2070713
2026/02/27 6:51:51.658 PM -06:00,16.12518501,0.001567647,9.025036812,15.40804768,8.232295036,12.30522633,16.10847664,35.58575439,0.935556531,14.76370144
2026/02/27 9:06:15.392 PM -06:00,16.13206482,0.001567647,18.15068626,14.3265419,8.846449852,12.68038082,22.59076118,26.54074478,0.936529219,24.02192688
2026/02/27 9:06:15.392 PM -06:00,14.93156147,0.001567647,16.93390465,15.55063438,12.24171829,16.98552132,23.93382263,24.98997498,0.945186377,22.41296387
2026/02/27 11:20:39.126 PM -06:00,15.11982918,0.001567647,16.98824883,15.49844456,12.83993721,13.52628708,23.79403114,24.78982353,0.939884901,22.4922905
2026/02/27 11:20:39.126 PM -06:00,16.13626671,0.001567647,18.10371971,14.52114296,9.082000732,17.47147179,22.56829643,26.55689049,0.937617242,23.75076866
2026/02/28 1:35:02.860 AM -06:00,15.22514629,0.001567647,18.16778374,14.61480331,10.53746891,14.48134995,23.57387352,26.64242363,0.946291983,23.8866272
2026/02/28 1:35:02.860 AM -06:00,16.24213982,0.001567647,17.23344994,15.44444275,9.040039063,12.96024323,21.11124229,24.94252777,0.938522577,22.64193726
2026/02/28 3:49:26.594 AM -06:00,15.30269718,0.001567647,18.15799522,15.4299221,9.014146805,12.9438324,22.34192085,25.43886948,0.939321935,22.57984734
2026/02/28 3:49:26.594 AM -06:00,16.2791748,0.001567647,17.20931625,14.63091278,10.53670597,14.64385509,23.34439659,26.45973396,0.937899649,23.83293152
2026/02/28 6:03:50.328 AM -06:00,16.24401665,0.001567647,18.13983917,15.53566265,9.055690765,14.09797955,22.07409096,26.05742073,0.944381177,22.31446075
2026/02/28 6:03:50.328 AM -06:00,15.29462337,0.001567647,17.05155945,14.56717968,9.943995476,12.85510921,23.28919411,24.72446251,0.938508809,23.7665329
2026/02/28 8:18:14.062 AM -06:00,15.11081696,0.001567647,17.01451111,15.49297905,9.110031128,13.1077528,22.72940445,25.12869453,0.938313186,23.86460495
2026/02/28 8:18:14.062 AM -06:00,16.15852928,0.001567647,18.16754723,14.51339817,10.74932671,14.95342731,24.00323868,26.51544571,0.945424914,22.60865974
2026/02/28 10:32:37.796 AM -06:00,16.17572212,0.001567647,18.12514305,14.68467331,10.68612957,14.96395302,24.42629623,21.23335075,0.939536393,23.49455643
2026/02/28 10:32:37.796 AM -06:00,15.22978115,0.001695848,17.05272102,15.54501057,9.103125572,13.6695385,21.25501442,27.58453941,0.939864755,24.50100708
2026/02/28 12:47:01.530 PM -06:00,0.162817597,0.001690662,0.172616959,0.17202352,0.032685295,0.176939264,2.60616827,1.347889543,0.111273713,3.575735807
2026/02/28 12:47:01.530 PM -06:00,16.31038475,0.001688635,18.11490631,15.60001087,12.67424583,17.88553619,25.56471252,27.57406235,0.940006375,25.18800163
2026/02/28 3:01:25.264 PM -06:00,8.0927248,0.001688635,8.941344261,8.233686447,12.83594418,18.21240997,15.16964245,15.04006672,0.939739347,14.49230576
2026/02/28 3:01:25.264 PM -06:00,16.42988586,0.001682862,18.01135635,15.86766148,8.653189659,5.614240646,26.01141739,59.78742981,0.938189507,25.34459686
2026/02/28 5:15:48.998 PM -06:00,15.39052868,0.001683076,18.25499535,15.89881229,9.105509758,15.73429012,25.37357712,28.38864708,0.939307511,25.22104073
2026/02/28 5:15:48.998 PM -06:00,16.49193001,0.001691447,15.98645878,14.86459064,10.75166988,13.71815395,24.04834747,24.10247612,0.950064003,23.88130379
2026/02/28 7:30:12.732 PM -06:00,9.07520771,0.001678639,18.22071457,15.86078548,12.87560654,17.48784828,24.95562553,34.65189743,0.941400051,24.92950249
2026/02/28 7:30:12.732 PM -06:00,16.58290482,0.001576226,9.013472557,8.923510551,9.123033524,13.6440773,17.0891552,16.83764458,0.941239059,3.709256172
2026/02/28 9:44:36.466 PM -06:00,16.58304596,0.001576226,17.81739616,15.86949253,9.108564377,14.09614277,24.65691376,26.24214745,0.939927578,24.77615356
2026/02/28 9:44:36.466 PM -06:00,15.68984032,0.001583146,15.97993565,14.92944336,10.08558083,13.20510674,23.52244759,23.62649155,0.940904498,23.6271019
