Timestamp,Cooling_ControlTemp_Avg_UnitA_Core,Cooling_ControlTemp_Avg_UnitB_Core,Power_TotalLoad_kW_Core,Cooling_ControlTemp_Max_UnitA_Core,Cooling_ControlTemp_Max_UnitB_Core,Power_ITLoad_kW_Core,Cooling_ControlTemp_Min_UnitA_Core,Cooling_ControlTemp_Min_UnitB_Core,Humidity_Avg_Core
2026/02/01 12:00:09.000 AM -06:00,75.79977417,0,1.51052773,76.71653748,0,0.909990907,74.88858795,0,30.63385391
2026/02/01 12:00:09.000 AM -06:00,75.43345642,75.83039856,1.70019567,76.69364929,76.71576691,0.914740384,74.25688934,74.89257813,19.15799332
2026/02/01 2:14:32.770 AM -06:00,75.49684906,75.49208069,1.698495388,76.64571381,0,0.910446405,74.12709808,74.12496185,23.21683884
2026/02/01 2:14:32.770 AM -06:00,75.44799805,0,1.502750039,76.69252014,76.76308441,0.911371052,73.99782562,0,23.37892532
2026/02/01 4:28:56.540 AM -06:00,75.48321533,0,1.741866708,76.71302032,0,0.908578515,74.08731079,0,23.75274277
2026/02/01 4:28:56.540 AM -06:00,75.49974823,75.52863312,1.536314726,76.82105255,76.84210968,0.917684138,74.14756012,74.1746521,23.75274277
2026/02/01 6:43:20.310 AM -06:00,75.48433685,75.50997925,1.526812196,76.84700012,76.82476044,0.910241961,74.08937073,0,24.06987381
2026/02/01 6:43:20.310 AM -06:00,75.46925354,0,1.756581068,76.66659546,0,0.909655869,74.10792542,74.17516327,24.08237457
2026/02/01 8:57:44.080 AM -06:00,75.39881134,0,1.466793895,76.73271942,0,0.910734415,74.10428619,0,24.39767075
2026/02/01 8:57:44.080 AM -06:00,75.77198792,75.56703949,1.788196564,76.52726746,76.73896027,0.914808631,74.21315002,74.19393158,25.88847351
2026/02/01 11:12:07.850 AM -06:00,77.31312561,0,1.388259172,80.00268555,0,0.909916341,75.6594162,0,27.80619812
2026/02/01 11:12:07.850 AM -06:00,73.88556671,77.17599487,2.054944277,75.58303833,79.30438995,0.913505375,71.42525482,75.53170013,23.57877731
2026/02/01 1:26:31.620 PM -06:00,79.89614868,0,1.412749887,82.57410431,0,0.92442733,77.71086884,0,20.00110245
2026/02/01 1:26:31.620 PM -06:00,74.02268982,75.32006836,2.063163042,76.49517822,82.48751068,0.914413929,71.27753448,77.79308319,36.42510223
2026/02/01 3:40:55.390 PM -06:00,75.26264954,0,1.802150249,76.63056183,76.73182678,0.913467228,72.28600311,0,37.33799362
2026/02/01 3:40:55.390 PM -06:00,75.20678711,75.25815582,1.531060338,76.55956268,0,0.914106071,72.81786346,72.66891479,45.8236084
2026/02/01 5:55:19.160 PM -06:00,75.5342865,0,1.593697786,76.71087646,0,0.922183752,72.61897278,0,45.93616486
2026/02/01 5:55:19.160 PM -06:00,75.50817108,75.57653046,1.772595167,76.75234222,76.77955627,0.916457653,74.26183319,73.38733673,33.44077301
2026/02/01 8:09:42.930 PM -06:00,75.38172913,0,1.545549035,76.6940918,0,0.912380636,74.37117767,0,33.4237442
2026/02/01 8:09:42.930 PM -06:00,75.41804504,75.42875671,1.743696332,76.67254639,76.7753067,0.919109404,72.76992798,72.98596954,39.46427917
2026/02/01 10:24:06.700 PM -06:00,75.77513123,0,1.455091476,76.88607025,76.77489471,0.914635897,73.53295898,0,39.48608398
2026/02/01 10:24:06.700 PM -06:00,75.19957733,75.69539642,2.003144026,76.6943512,0,0.916325867,72.75180817,73.05964661,40.8267746
2026/02/02 12:38:30.470 AM -06:00,75.41442871,0,1.584302306,76.77633667,0,0.9144333,74.40777588,0,41.70173645
2026/02/02 12:38:30.470 AM -06:00,75.55363464,75.49101257,1.746498585,76.68669891,76.79878235,0.918328881,72.55577087,73.42818451,36.62581635
2026/02/02 2:52:54.240 AM -06:00,75.46662903,75.53195953,1.540980577,76.77190399,0,0.914473534,72.70909119,0,35.06054688
2026/02/02 2:52:54.240 AM -06:00,75.4003067,0,1.778654933,76.88465881,76.85769653,0.912265539,72.32170868,72.72845459,32.909935
2026/02/02 5:07:18.010 AM -06:00,75.45188141,0,1.787856579,76.82393646,0,0.920285225,72.67869568,0,32.691185
2026/02/02 5:07:18.010 AM -06:00,75.46426392,75.52480316,1.549806118,76.77290344,76.77955627,0.916116357,72.38844299,72.53977966,33.54939651
2026/02/02 7:21:41.780 AM -06:00,75.40224457,0,0,76.6941452,76.81697845,0.908092141,72.38638306,0,33.66603851
2026/02/02 7:21:41.780 AM -06:00,75.54543304,0,1.682448745,76.6941452,0,0,72.66631317,72.57507324,36.09255981
2026/02/02 9:36:05.550 AM -06:00,75.83885193,0,1.48086977,77.07740784,76.88367462,0.913139999,73.10919952,73.02095032,35.87226105
2026/02/02 9:36:05.550 AM -06:00,75.21150208,75.8372345,2.017103672,76.62505341,0,0.405190736,72.00248718,0,38.00061798
2026/02/02 11:50:29.320 AM -06:00,75.4480896,0,1.821558475,76.73690033,76.77983856,0.914811015,72.70114136,0,37.55857468
2026/02/02 11:50:29.320 AM -06:00,75.35105896,75.48677063,0.536088228,76.67435455,0,0.078669004,72.25567627,72.42967987,38.88703156
2026/02/02 2:04:53.090 PM -06:00,75.33290863,0,0,76.66930389,0,0.035064623,72.4596405,0,39.27676392
2026/02/02 2:04:53.090 PM -06:00,75.55289459,75.62873077,1.773530245,76.77254486,76.77785492,0.916301489,74.36199951,73.91105652,37.55862045
2026/02/02 4:19:16.860 PM -06:00,75.42915344,0,1.19106698,76.7382431,0,0.905315101,74.06348419,0,38.58972168
2026/02/02 4:19:16.860 PM -06:00,75.5941391,75.59156799,1.911759377,76.75855255,76.79641724,0.90986222,73.6843338,73.96012115,40.71772766
2026/02/02 6:33:40.630 PM -06:00,75.57920837,0,1.564469576,76.75790405,0,0.908901393,74.30615997,0,39.65701294
2026/02/02 6:33:40.630 PM -06:00,75.50178528,75.64353943,1.786497355,76.77944946,76.77806091,0.906692684,73.46420288,73.64473724,41.53671265
2026/02/02 8:48:04.400 PM -06:00,75.37836456,75.59037781,0.534418464,76.75402069,0,0.077516489,73.29988098,0,41.85606384
2026/02/02 8:48:04.400 PM -06:00,75.55554199,0,1.819346666,76.82014465,76.71404266,0.927919626,73.7093811,73.2716217,45.04415131
2026/02/02 11:02:28.170 PM -06:00,75.6025238,0,1.652519941,76.79837036,0,0.922953784,73.80599976,73.87431335,44.85210419
2026/02/02 11:02:28.170 PM -06:00,75.42131805,75.58067322,1.871257186,76.71069336,76.84161377,0.925689578,73.4250946,0,45.82640076
2026/02/03 1:16:51.940 AM -06:00,75.58493042,75.56932068,1.871963501,76.79904175,0,0.932008684,73.38375854,0,44.87682343
2026/02/03 1:16:51.940 AM -06:00,75.498703,0,1.555675626,76.73345184,76.77425385,0.929614544,73.76637268,73.73484039,46.37337494
2026/02/03 3:31:15.710 AM -06:00,75.51465607,0,1.758566737,76.75404358,0,0.932777047,73.61480713,0,45.7953186
2026/02/03 3:31:15.710 AM -06:00,75.5589447,75.54581451,1.578416348,76.75911713,76.7714386,0.925393939,73.77471924,73.60187531,44.57459259
2026/02/03 5:45:39.480 AM -06:00,75.58254242,0,1.714130998,76.79803467,0,0.925987661,73.74807739,0,44.02817535
2026/02/03 5:45:39.480 AM -06:00,75.61580658,75.6203537,1.514840245,76.86315918,76.84223175,0.927111149,73.63982391,73.71870422,40.22483826
2026/02/03 8:00:03.250 AM -06:00,75.18917847,0,1.44930625,76.77453613,0,0.925561011,74.48956299,0,41.09585571
2026/02/03 8:00:03.250 AM -06:00,77.35103607,75.67701721,1.885841727,80.50478363,80.3143692,0.928994834,72.76380157,74.37724304,37.26074219
2026/02/03 10:14:27.020 AM -06:00,77.88063049,77.97216034,1.520778537,81.20044708,0,0.925954878,74.45130157,0,36.71770859
2026/02/03 10:14:27.020 AM -06:00,74.10263824,0,2.429183722,76.0279007,80.86141205,0.924661934,71.74246216,74.33026123,43.53565216
2026/02/03 12:28:50.790 PM -06:00,75.86372375,0,1.447750449,76.71381378,0,0.923273206,74.12740326,0,39.18829346
2026/02/03 12:28:50.790 PM -06:00,75.4280777,75.49182129,1.96532619,76.90525055,76.98991394,0.922108412,73.23760986,73.70618439,36.42324066
2026/02/03 2:43:14.560 PM -06:00,75.40473938,0,1.723253608,76.67048645,76.7345047,0.924078465,73.12390137,0,35.84060669
2026/02/03 2:43:14.560 PM -06:00,75.51465607,75.63687134,0,76.71154785,0,0,74.38369751,73.58120728,32.85172653
2026/02/03 4:57:38.330 PM -06:00,78.45658112,0,2.07799983,81.49526978,0,0.081501007,75.35824585,0,29.59676361
2026/02/03 4:57:38.330 PM -06:00,74.60908508,75.8036499,0.518914998,76.18070221,79.64129639,0.927283287,71.98127747,74.25372314,36.31006622
2026/02/03 7:12:02.100 PM -06:00,78.19848633,0,0,81.09241486,0,0,74.50572205,0,31.01015091
2026/02/03 7:12:02.100 PM -06:00,75.60604095,77.32113647,1.787972808,78.0318985,79.29436493,0.925461411,72.74884796,73.91630554,35.5982666
2026/02/03 9:26:25.870 PM -06:00,74.41103363,76.26791382,1.997619152,78.96565247,0,0.921684563,72.18108368,0,36.80127716
2026/02/03 9:26:25.870 PM -06:00,76.52092743,0,1.440294147,76.02950287,77.48180389,0.921825767,74.46333313,73.61843109,32.91332245
2026/02/03 11:40:49.640 PM -06:00,75.67045593,0,1.507423401,76.90679169,0,0.923534751,73.65753174,0,34.24578476
2026/02/03 11:40:49.640 PM -06:00,75.58558655,75.67498016,1.619493723,76.84223175,76.92045593,0.924366593,73.25583649,73.74639893,34.01406479
2026/02/04 1:55:13.410 AM -06:00,75.70741272,75.73189545,1.511156559,76.77631378,0,0.923532307,74.38751221,0,34.16075897
2026/02/04 1:55:13.410 AM -06:00,75.46504211,0,1.665048838,76.77102661,76.90262604,0.924256682,72.1504364,74.40541077,32.31417465
2026/02/04 4:09:37.180 AM -06:00,76.35764313,0,1.505708456,76.88024902,0,0.922499835,73.0473175,0,31.98447418
2026/02/04 4:09:37.180 AM -06:00,75.16558838,75.96803284,1.720705986,78.34870148,76.96463013,0.923792183,71.84234619,72.30686188,34.63143539
2026/02/04 6:24:00.950 AM -06:00,75.41407013,0,1.48987329,76.81262207,0,0.923495054,72.38756561,0,34.03937149
2026/02/04 6:24:00.950 AM -06:00,75.35851288,75.42310333,1.626333594,76.86223602,76.92277527,0.924536943,71.93805695,72.17757416,37.07143784
2026/02/04 8:38:24.720 AM -06:00,77.05306244,0,1.438545704,79.56075287,76.88156891,0.924902797,73.4471817,72.42923737,37.22946548
2026/02/04 8:38:24.720 AM -06:00,74.90641022,75.72167206,1.937939525,76.73285675,0,0.923230827,71.39914703,0,43.17554474
2026/02/04 10:52:48.490 AM -06:00,77.17597198,75.48394775,1.362706065,79.93361664,79.17382813,0.92342931,73.43341064,73.40303802,37.40054321
2026/02/04 10:52:48.490 AM -06:00,74.21787262,0,2.159545422,76.30381775,0,0.923578441,71.52239227,0,44.44488525
2026/02/04 1:07:12.260 PM -06:00,75.41926575,0,1.055927038,76.90885925,0,0.930644035,76.31417847,0,41.72969818
2026/02/04 1:07:12.260 PM -06:00,80.77091217,78.98753357,1.863416672,85.50614929,80.36360931,0.935489237,72.04584503,75.11942291,30.61345673
2026/02/04 3:21:36.030 PM -06:00,74.91621399,0,1.554623246,79.15503693,0,0.933627725,72.71632385,0,42.13848114
2026/02/04 3:21:36.030 PM -06:00,75.86503601,75.80927277,1.771987796,76.72396851,77.05617523,0.932032883,74.86669922,74.95592499,33.53131485
2026/02/04 5:35:59.800 PM -06:00,76.58319855,76.59373474,1.988496304,78.48027039,77.36925507,0.939934671,75.08274078,0,33.14964676
2026/02/04 5:35:59.800 PM -06:00,74.44036865,0,1.462932348,76.26343536,0,0.938694954,71.86509705,74.95262909,30.10708618
2026/02/04 7:50:23.570 PM -06:00,75.83952332,0,1.542701721,76.77422333,0,0.931960583,74.90634155,0,28.78750992
2026/02/04 7:50:23.570 PM -06:00,75.82929993,75.83287048,1.663567781,77.07537079,77.09315491,0.931731522,74.88736725,74.92925262,28.38396454
2026/02/04 10:04:47.340 PM -06:00,76.04852295,75.83163452,1.524943352,77.13738251,77.11802673,0.942520678,74.45462799,0,28.27384567
2026/02/04 10:04:47.340 PM -06:00,75.62086487,0,1.995789528,77.0680542,0,0.933923304,74.93473816,74.97603607,26.26462555
2026/02/05 12:19:11.110 AM -06:00,75.74056244,0,1.532633305,76.99117279,0,0.934120595,74.67431641,0,25.96839523
2026/02/05 12:19:11.110 AM -06:00,75.71591187,75.79795837,1.672129393,77.00965881,77.01295471,0.944205821,74.65267181,74.67607117,24.81574249
2026/02/05 2:33:34.880 AM -06:00,75.71806335,0,1.572160006,76.98692322,0,0.940976262,74.63266754,74.65156555,23.70378494
2026/02/05 2:33:34.880 AM -06:00,75.56018066,75.69457245,1.619308591,77.03341675,77.09571075,0.941358566,73.0911026,0,32.36348724
2026/02/05 4:47:58.650 AM -06:00,75.54421997,0,1.679885864,77.07658386,77.11632538,0.940366328,73.47182465,0,34.20100784
2026/02/05 4:47:58.650 AM -06:00,75.48777771,75.59707642,1.562826395,77.0317688,0,0.948137403,73.04147339,73.40380859,37.17970276
2026/02/05 7:02:22.420 AM -06:00,76.03210449,75.91990662,1.744572163,77.22393036,0,0.940261424,73.55337524,0,37.22968292
2026/02/05 7:02:22.420 AM -06:00,75.04983521,0,1.550828695,76.95655823,77.03347015,0.940607488,72.65998077,73.00537872,39.89778137
2026/02/05 9:16:46.190 AM -06:00,76.12526703,0,1.897592068,77.06846619,0,0.93655926,73.79047394,0,37.50962067
2026/02/05 9:16:46.190 AM -06:00,75.1415863,75.59184265,1.479465246,77.31050873,77.22509003,0.934479773,72.55131531,73.67972565,41.11000824
2026/02/05 11:31:09.960 AM -06:00,76.24420166,0,1.455533028,77.91024017,0,0.942906916,73.93857574,0,38.16144562
2026/02/05 11:31:09.960 AM -06:00,75.06478882,75.91493988,2.021017313,76.94099426,77.76544952,0.936430156,72.76313782,73.5358429,40.67137146
2026/02/05 1:45:33.730 PM -06:00,75.45590973,0,2.004073143,76.94676971,0,0.934393346,73.04859924,0,38.31827545
2026/02/05 1:45:33.730 PM -06:00,75.74030304,75.75230408,1.60020864,77.24753571,77.28918457,0.936244071,73.55046844,73.55072784,39.14292145
2026/02/05 3:59:57.500 PM -06:00,75.63153839,0,1.231412411,77.21376801,0,0.931146026,73.3433075,0,38.53886032
2026/02/05 3:59:57.500 PM -06:00,75.85631561,75.81445313,1.965340972,77.18928528,77.24452209,0.933144808,74.66565704,74.72270966,33.77262878
2026/02/05 6:14:21.270 PM -06:00,75.91414642,0,1.60198915,77.18070984,77.20503235,0.936815083,74.61997986,75.0602417,32.96201324
2026/02/05 6:14:21.270 PM -06:00,75.8821106,75.95372772,2.004667044,77.24490356,0,0.932989299,75.10477448,0,24.55841827
2026/02/05 8:28:45.040 PM -06:00,75.85041809,0,1.561403632,77.15898132,77.20482635,0.933442116,75.16411591,0,24.1664238
2026/02/05 8:28:45.040 PM -06:00,75.79911804,75.9285202,2.072232723,77.22132111,0,0.936254084,74.59294128,74.99376678,21.00655746
2026/02/05 10:43:08.810 PM -06:00,75.88869476,0,1.895221353,77.16143036,0,0.932483017,74.70080566,75.00035858,20.57730103
2026/02/05 10:43:08.810 PM -06:00,75.86401367,75.90028381,1.656685948,77.23348999,77.20572662,0.934210241,75.10189056,0,19.929245
2026/02/06 12:57:32.580 AM -06:00,75.85826111,0,2.15488863,77.24766541,0,0.931605756,74.64025879,74.99619293,17.97265625
2026/02/06 12:57:32.580 AM -06:00,75.8639679,75.88977814,1.66203475,77.15913391,77.20410919,0.935427666,74.96063995,0,17.47251892
2026/02/06 3:11:56.350 AM -06:00,75.81571198,75.84461212,1.841218352,77.21678925,0,0.93259716,74.61953735,0,16.12243652
2026/02/06 3:11:56.350 AM -06:00,75.87773132,0,1.602005363,77.14240265,77.18467712,0.933477223,74.97740173,74.8075943,15.7950325
2026/02/06 5:26:20.120 AM -06:00,75.90699005,0,1.895430565,77.0539856,0,0.93722403,74.62957764,0,15.89505768
2026/02/06 5:26:20.120 AM -06:00,75.7596283,75.94009399,1.567615509,77.14701843,77.1817627,0.933957458,75.04278564,75.07130432,15.73522568
2026/02/06 7:40:43.890 AM -06:00,75.70593262,0,2.068738699,77.0752182,0,0.93291229,74.63105011,0,15.6319809
2026/02/06 7:40:43.890 AM -06:00,77.13155365,75.94332886,1.514253616,78.83414459,77.28936005,1.041001201,75.78689575,75.18903351,16.6922493
2026/02/06 9:55:07.660 AM -06:00,75.36741638,76.18645477,2.279122353,77.26091003,0,1.050204277,73.66319275,0,16.99986267
2026/02/06 9:55:07.660 AM -06:00,76.74874115,0,1.146452904,78.54534149,77.61090088,1.043219805,75.63264465,74.71489716,20.66210938
2026/02/06 12:09:31.430 PM -06:00,75.97692108,0,1.207805872,77.54463959,0,1.044074893,75.18554688,0,20.43062592
2026/02/06 12:09:31.430 PM -06:00,75.71284485,76.01374817,0.12078058,77.09815979,77.56203461,0,74.63645172,75.04299164,20.76209641
2026/02/06 2:23:55.200 PM -06:00,75.75152588,0,10.83096218,76.79649353,0,0.876903355,74.21715546,0,20.6508255
2026/02/06 2:23:55.200 PM -06:00,75.96891785,75.92884064,0,77.41809845,77.41649628,0.875787795,75.20530701,74.97286987,21.4883728
2026/02/06 4:38:18.970 PM -06:00,76.45265198,0,0,77.48557281,77.27274323,0.895656645,75.52575684,0,20.8813324
2026/02/06 4:38:18.970 PM -06:00,75.41755676,75.82257843,46.61916351,76.97045135,0,0.964307845,73.87426758,74.82772827,19.08437347
2026/02/06 6:52:42.740 PM -06:00,75.74648285,0,38.49885559,77.05937195,0,0.931106925,74.61595917,0,18.53165436
2026/02/06 6:52:42.740 PM -06:00,75.86759949,75.81838226,29.96940422,77.07879639,77.09751129,0.927823544,74.93147278,74.80528259,18.77186966
2026/02/06 9:07:06.510 PM -06:00,75.91246033,0,29.78434753,77.05712128,0,0.930940211,75.02592468,75.04072571,18.84396362
2026/02/06 9:07:06.510 PM -06:00,75.70560455,75.83995819,37.51274109,77.09803009,77.07611847,0.930432439,74.50856018,0,19.71097946
2026/02/06 11:21:30.280 PM -06:00,75.67616272,0,29.90420532,76.92836761,0,0.930450439,74.8082428,0,19.71097946
2026/02/06 11:21:30.280 PM -06:00,75.26613617,75.29391479,36.41051483,76.62207794,76.62712097,0.930540502,71.97080994,72.06148529,33.96124268
2026/02/07 1:35:54.050 AM -06:00,75.26462555,0,37.1716156,76.62272644,0,0.934303463,72.12132263,0,34.33131409
2026/02/07 1:35:54.050 AM -06:00,75.20760345,75.25589752,30.35287094,76.60744476,76.61899567,0.930734038,72.4165802,72.46443939,37.51105118
2026/02/07 3:50:17.820 AM -06:00,75.25035095,0,34.48921585,76.62460327,0,0.930497408,72.50507355,0,38.05184174
2026/02/07 3:50:17.820 AM -06:00,75.29109192,75.22707367,31.9851532,76.48153687,76.63486481,0.929726422,72.42897797,72.50376129,39.18722534
2026/02/07 6:04:41.590 AM -06:00,75.20194244,0,32.83853149,76.66770172,0,0.934442282,72.40261078,0,39.24662781
2026/02/07 6:04:41.590 AM -06:00,75.27015686,75.36187744,31.11443329,76.67037964,76.67127991,0.931334376,72.59352875,72.60005188,39.84959412
2026/02/07 8:19:05.360 AM -06:00,75.23236084,0,31.33213043,76.60657501,0,0.931525767,72.57198334,0,39.78801727
2026/02/07 8:19:05.360 AM -06:00,75.21357727,75.33100891,37.63263702,76.53765106,76.64836121,0.933167517,73.07897949,72.65515137,40.4469223
2026/02/07 10:33:29.130 AM -06:00,75.54386902,0,30.28939629,76.55516052,0,0.930604756,74.8770752,0,39.84815979
2026/02/07 10:33:29.130 AM -06:00,75.51482391,75.65641785,38.77235413,76.56239319,76.6297226,0.930886745,74.4919281,74.75834656,34.55279922
2026/02/07 12:47:52.900 PM -06:00,75.56558228,75.64367676,30.82688713,76.50020599,0,0.931114912,74.87325287,0,34.2521553
2026/02/07 12:47:52.900 PM -06:00,75.61824799,0,38.31947327,76.61138153,76.58085632,0.935111463,74.31551361,74.66309357,32.43873215
2026/02/07 3:02:16.670 PM -06:00,75.56504059,0,10.84245872,76.60485077,0,0.932625115,74.78521729,0,32.52094269
2026/02/07 3:02:16.670 PM -06:00,75.60202789,75.58680725,38.71868134,76.47741699,76.64569092,0.894971669,74.39910126,74.80432892,28.22433853
2026/02/07 5:16:40.440 PM -06:00,75.6975708,0,40.94439316,76.60372162,0,0.938978374,74.86792755,0,27.74361801
2026/02/07 5:16:40.440 PM -06:00,75.52156067,75.6674881,29.78944778,76.60477448,76.60803986,0.934337795,74.36112213,74.889328,23.85842896
2026/02/07 7:31:04.210 PM -06:00,75.53718567,0,40.52308273,76.58540344,0,0.930561125,74.36344147,0,23.50961685
2026/02/07 7:31:04.210 PM -06:00,75.72126007,75.72499084,29.92707443,76.65024567,76.65013885,0.933265805,74.81956482,74.74526978,22.34818268
2026/02/07 9:45:27.980 PM -06:00,75.49136353,0,30.99232101,76.62506866,0,0.936784983,74.84890747,0,22.29770279
2026/02/07 9:45:27.980 PM -06:00,75.67442322,75.75423431,38.88929367,76.49786377,76.64669037,0.931781352,74.3186264,74.85019684,21.48656082
2026/02/07 11:59:51.750 PM -06:00,75.52677917,0,38.85197449,76.56691742,0,0.934478283,74.72166443,0,21.61631775
2026/02/07 11:59:51.750 PM -06:00,75.54878235,75.66474152,0,76.56691742,76.6229248,0.118650742,74.38369751,74.68302155,21.20588303
2026/02/08 2:14:15.520 AM -06:00,75.24769592,0,13.36918736,76.66667938,0,0.108669788,72.48948669,0,24.86579514
2026/02/08 2:14:15.520 AM -06:00,75.40374756,75.32777405,45.99861145,76.56040955,76.69535065,0.934194922,72.24995422,72.57394409,29.10686111
2026/02/08 4:28:39.290 AM -06:00,75.19184875,0,29.99605942,76.53871155,0,0.932871103,72.4233017,0,30.10377121
2026/02/08 4:28:39.290 AM -06:00,75.43276978,75.34580994,39.38698196,76.56771851,76.56491089,0.935869157,72.66373444,72.63458252,32.09376526
2026/02/08 6:43:03.060 AM -06:00,75.38339996,75.28433228,40.39151382,76.64789581,76.68154144,0.931513846,72.59767914,0,32.1266098
2026/02/08 6:43:03.060 AM -06:00,75.08486938,0,30.03762245,76.4810257,0,0.932092905,72.34480286,72.55466461,31.55253983
2026/02/08 8:57:26.830 AM -06:00,75.18616486,0,30.43941498,76.54299927,0,0.931297839,72.40789032,0,32.31119537
2026/02/08 8:57:26.830 AM -06:00,75.67006683,75.23321533,37.17141724,76.77501678,0,0.933847904,72.89678955,0,36.13759995
2026/02/08 11:11:50.600 AM -06:00,75.198349,0,42.06987381,76.49827576,0,0.928616285,72.56876373,0,35.81672287
2026/02/08 11:11:50.600 AM -06:00,75.39936829,75.34542847,27.52918053,76.62393188,76.58443451,0.92899847,72.9950943,72.93365479,38.43398666
2026/02/08 1:26:14.370 PM -06:00,76.21198273,0,27.78947067,77.24422455,0,0.931137025,72.67807007,0,39.18951416
2026/02/08 1:26:14.370 PM -06:00,74.75198364,75.62935638,43.28864288,76.28546906,76.66886139,0.929331183,74.84893799,74.78633118,34.0098877
2026/02/08 3:40:38.140 PM -06:00,75.76473999,0,33.60734558,76.60147858,76.68385315,0.931152344,74.84342957,74.90657806,33.77320099
2026/02/08 3:40:38.140 PM -06:00,75.75395203,75.77577209,34.94968796,76.66376495,0,0.933691859,74.67926025,0,30.05405807
2026/02/08 5:55:01.910 PM -06:00,75.65380859,0,34.07301712,76.60546875,0,0.936943352,74.70227814,0,32.47232437
2026/02/08 5:55:01.910 PM -06:00,75.63376617,75.62922668,33.23769379,76.61691284,76.67310333,0.934883296,74.63414001,74.78200531,33.42372131
2026/02/08 8:09:25.680 PM -06:00,75.68669128,0,33.73017883,76.69174957,0,0.935713708,74.67818451,0,33.85161591
2026/02/08 8:09:25.680 PM -06:00,75.76203156,75.7161026,32.42350769,76.58643341,76.75122833,0.9389112,74.99729919,74.99930573,33.6881752
2026/02/08 10:23:49.450 PM -06:00,75.61262512,0,35.14257813,76.60055542,0,0.937272787,74.91906738,0,33.60949707
2026/02/08 10:23:49.450 PM -06:00,75.63892365,75.70011902,29.93893242,76.78412628,76.72970581,0.936730087,74.6531601,74.91590118,33.39459229
2026/02/09 12:38:13.220 AM -06:00,75.68444061,75.69680786,32.51486588,76.69203186,0,0.936265409,74.80919647,74.91808319,31.71517181
2026/02/09 12:38:13.220 AM -06:00,75.32782745,0,35.12285233,76.65265656,76.69272614,0.938056767,72.09861755,0,33.0940361
2026/02/09 2:52:36.990 AM -06:00,75.28746033,0,33.79788208,76.67004395,0,0.9356758,71.91112518,0,33.44259262
2026/02/09 2:52:36.990 AM -06:00,75.36255646,75.31771851,32.52392197,76.62804413,76.7335434,0.937094331,72.09867096,72.07738495,34.692173
2026/02/09 5:07:00.760 AM -06:00,75.29866028,0,35.19435501,76.71337891,0,0.936021328,71.99227905,0,35.1227951
2026/02/09 5:07:00.760 AM -06:00,75.37542725,75.43460846,32.56158066,76.62825012,76.77792358,0.940050781,72.13194275,72.170784,35.76153946
2026/02/09 7:21:24.530 AM -06:00,75.28601074,0,36.30894089,76.68785858,0,0.937252104,72.0423584,0,36.03053284
2026/02/09 7:21:24.530 AM -06:00,75.49334717,75.48040009,0.023349509,76.8141098,76.78199005,0.937524557,72.39556885,72.2432251,37.47521591
2026/02/09 9:35:48.300 AM -06:00,75.37371063,75.40374756,0.001671124,76.7100296,0,0.938808024,72.22879791,0,37.5587883
2026/02/09 9:35:48.300 AM -06:00,75.37382507,0,0.001671124,76.75853729,76.6964035,0.936888337,72.3755188,72.33861542,38.7889328
2026/02/09 11:50:12.070 AM -06:00,75.41838837,0,0.001671124,76.80754852,0,0.937754631,72.41871643,0,38.98076248
2026/02/09 11:50:12.070 AM -06:00,75.35793304,75.43006897,0.001671124,76.69946289,76.76203156,0.938630342,72.23634338,72.33809662,38.75989914
2026/02/09 2:04:35.840 PM -06:00,75.60452271,75.63361359,0.001671124,76.69221497,0,0.940496027,72.39835358,74.51371765,36.91262054
2026/02/09 2:04:35.840 PM -06:00,75.4221344,0,0.001671124,76.74217987,76.82442474,0.942852378,74.89002228,0,41.83833313
2026/02/09 4:18:59.610 PM -06:00,75.4460144,0,0.001671124,76.63385773,0,0.938001215,73.67860413,0,42.56800079
2026/02/09 4:18:59.610 PM -06:00,75.34677124,75.5993042,0.00156704,76.76383209,76.78523254,0.942083001,74.74043274,73.77127838,40.49272919
2026/02/09 6:33:23.380 PM -06:00,75.72367859,75.73506927,0.001686988,76.65445709,0,0.943067074,74.69458008,0,39.35431671
2026/02/09 6:33:23.380 PM -06:00,75.58180237,0,0.001686988,76.77973175,76.82096863,0.939992011,74.76725769,74.87248993,30.58403778
2026/02/09 8:47:47.150 PM -06:00,75.66970062,0,0.001686988,76.69177246,0,0.939236939,74.74650574,0,29.40624237
2026/02/09 8:47:47.150 PM -06:00,75.65188599,75.67736053,0.001686988,76.74266815,76.73986053,0.940894902,74.80849457,74.87192535,26.74491501
2026/02/09 11:02:10.920 PM -06:00,75.71848297,0,0.001629342,76.68868256,0,0.939108849,75.10108948,0,26.5262413
2026/02/09 11:02:10.920 PM -06:00,75.69709778,75.791008,0.001629342,76.82105255,76.80436707,0.9387725,74.56838989,75.04322052,25.41689301
2026/02/10 1:16:34.690 AM -06:00,75.7256012,0,0.001629342,76.7611084,0,0.941474617,74.61258698,0,25.57563782
2026/02/10 1:16:34.690 AM -06:00,75.72322083,75.73805237,0.001629342,76.70180511,76.80217743,0.939545989,74.93505096,74.67658234,26.10371017
2026/02/10 3:30:58.460 AM -06:00,75.69589996,0,0.001629342,76.82848358,0,0.938536644,74.97819519,0,28.92533112
2026/02/10 3:30:58.460 AM -06:00,75.47502136,75.67944336,0.001743654,76.74169159,76.82416534,0.937622368,73.5765686,74.62036133,35.95223236
2026/02/10 5:45:22.230 AM -06:00,75.49282074,0,0.001637407,76.80235291,76.80145264,0.941253841,73.74131012,73.78648376,37.7819252
2026/02/10 5:45:22.230 AM -06:00,75.46495819,75.54651642,0.001637407,76.69963837,0,0.938901544,73.78845215,0,41.80908966
2026/02/10 7:59:46.000 AM -06:00,75.42076111,0,0.001637407,76.66150665,76.8057251,0.937817574,73.83550262,0,42.29756165
2026/02/10 7:59:46.000 AM -06:00,75.44992065,75.43338013,0.001637407,76.84584808,0,0.939334929,74.21260834,74.21457672,50.98231506
2026/02/10 10:14:09.770 AM -06:00,75.42259216,0,0.001637407,76.78620148,76.79844666,0.942050815,74.25943756,0,51.51418304
2026/02/10 10:14:09.770 AM -06:00,75.49337769,75.53358459,0.001637407,76.72088623,0,0.937729239,74.12973022,74.27882385,53.85568237
2026/02/10 12:28:33.540 PM -06:00,75.47862244,0,0.001637407,76.74256897,0,0.938843489,74.40162659,0,54.43994141
2026/02/10 12:28:33.540 PM -06:00,75.4771347,75.51430511,0.001637407,76.78302002,76.80628967,0.940880179,74.15441132,74.36472321,55.70345306
2026/02/10 2:42:57.310 PM -06:00,75.50842285,0,0.001628696,76.7552948,0,0.854074061,74.3864212,0,54.41342926
2026/02/10 2:42:57.310 PM -06:00,75.61872864,75.62153625,0.001628696,76.67027283,76.82424164,0.943522513,73.76650238,74.29580688,42.21864319
2026/02/10 4:57:21.080 PM -06:00,76.24142456,0,0.001775513,77.04458618,77.02010345,0.943220973,73.02146912,0,42.19051361
2026/02/10 4:57:21.080 PM -06:00,74.85148621,75.93070221,0.001826149,76.31882477,0,0.948096514,75.1423111,74.44616699,37.21293259
2026/02/10 7:11:44.850 PM -06:00,76.30354309,0,0.001688077,77.08413696,0,0.947262466,75.48696136,0,35.66501617
2026/02/10 7:11:44.850 PM -06:00,75.01251984,76.34204865,0.001614868,76.3319397,76.80834961,0.942248642,73.83943939,75.31156921,41.21111298
2026/02/10 9:26:08.620 PM -06:00,75.52643585,75.51039124,0.001492832,76.76563263,0,0.949903965,74.27585602,0,43.22703552
2026/02/10 9:26:08.620 PM -06:00,75.48752594,0,0.001492832,76.8024292,76.84669495,0.937978327,74.27957153,74.26178741,47.10144043
2026/02/10 11:40:32.390 PM -06:00,75.48112488,75.53424072,0.001492832,76.76102448,0,0.937580585,74.32199097,0,47.53754425
2026/02/10 11:40:32.390 PM -06:00,75.41983795,0,0.001492832,76.69195557,76.78705597,0.93772465,73.50675201,74.34546661,48.4553299
2026/02/11 1:54:56.160 AM -06:00,75.38465881,0,0.001492832,76.71877289,76.82889557,0.939931035,73.61933136,0,48.65818787
2026/02/11 1:54:56.160 AM -06:00,75.45821381,75.45911407,0.001492832,76.7835083,0,0.937825859,73.46469116,73.59128571,48.45652008
2026/02/11 4:09:19.930 AM -06:00,75.40962982,0,0.001492832,76.67492676,0,0.939927101,73.57463837,0,47.9848938
2026/02/11 4:09:19.930 AM -06:00,75.39333344,75.44837952,0.001492832,76.72222137,76.78064728,0.937436402,73.42752838,73.5694046,46.15583801
2026/02/11 6:23:43.700 AM -06:00,75.56028748,0,0.001492832,77.29277802,0,0.939895749,74.59083557,0,45.65341187
2026/02/11 6:23:43.700 AM -06:00,74.75312042,75.35649109,0.001492832,76.54788971,77.33538055,0.934026957,71.34297943,74.56689453,44.4937973
2026/02/11 8:38:07.470 AM -06:00,74.5484314,0,0.001492832,76.36035919,0,0.933170557,69.96311951,71.01835632,44.247612
2026/02/11 8:38:07.470 AM -06:00,74.58063507,74.74893188,0.001613174,76.45453644,76.46217346,0.934840381,71.28347015,0,41.47413635
2026/02/11 10:52:31.240 AM -06:00,74.83329773,0,0.001613174,76.32806396,76.48799133,0.933525205,71.72519684,0,41.20318604
2026/02/11 10:52:31.240 AM -06:00,74.57221985,74.70205688,0.001820181,75.71033478,0,0.931613505,70.3204422,71.73484802,32.96229935
2026/02/11 1:06:55.010 PM -06:00,75.1399765,0,0.001695414,75.93099976,76.80467987,0.932382703,71.48682404,75.14558411,32.31159973
2026/02/11 1:06:55.010 PM -06:00,75.8553772,75.75740814,0.001710695,76.86616516,0,0.936561286,75.14504242,0,26.74694824
2026/02/11 3:21:18.780 PM -06:00,75.65153503,75.73653412,0.001710695,76.61229706,76.78778076,0.936270714,75.14772034,0,26.68796921
2026/02/11 3:21:18.780 PM -06:00,75.71453857,0,0.001710695,77.10477448,0,0.935450017,74.42295837,75.14161682,25.10687256
2026/02/11 5:35:42.550 PM -06:00,75.76539612,0,0.001710695,76.65498352,76.82941437,0.93858242,74.48912048,74.87187195,24.86665344
2026/02/11 5:35:42.550 PM -06:00,75.79263306,75.87575531,0.001710695,76.76107025,0,0.935189903,75.16784668,0,23.98775864
2026/02/11 7:50:06.320 PM -06:00,75.76419067,75.90244293,0.001816698,76.66716766,0,0.93627429,75.08161163,0,23.85852432
2026/02/11 7:50:06.320 PM -06:00,75.51872253,0,0.00156504,77.07702637,77.06033325,0.934902668,74.51512909,75.07621002,35.48933411
2026/02/11 10:04:30.090 PM -06:00,75.65840149,75.65678406,0.00156504,77.36032104,76.92763519,0.935492575,74.63435364,74.82983398,35.866539
2026/02/11 10:04:30.090 PM -06:00,75.54868317,0,0.00156504,76.67450714,0,0.935557961,74.74228668,0,38.86427307
2026/02/12 12:18:53.860 AM -06:00,75.00947571,0,0.00156504,76.6378479,0,0.935132861,70.64509583,0,38.81004333
2026/02/12 12:18:53.860 AM -06:00,75.5229187,75.56835175,0.00156504,77.04064941,77.01146698,0.935870826,74.76393127,74.78352356,48.9245224
2026/02/12 2:33:17.630 AM -06:00,75.55908966,0,0.00156504,76.92951965,76.81678772,0.935932457,74.62619019,0,44.68704224
2026/02/12 2:33:17.630 AM -06:00,75.53582001,75.57596588,0.00156504,76.60863495,0,0.93404001,74.85225677,74.74999237,43.36745453
2026/02/12 4:47:41.400 AM -06:00,75.59133148,0,0.00156504,76.77520752,76.7829361,0.93524456,74.91187286,0,42.62781525
2026/02/12 4:47:41.400 AM -06:00,75.49550629,75.62965393,0.001680859,76.57081604,0,0.93738395,74.59044647,74.89046478,41.7570343
2026/02/12 7:02:05.170 AM -06:00,75.42963409,0,0.001554896,76.67747498,0,0.937789679,74.77128601,0,41.64750671
2026/02/12 7:02:05.170 AM -06:00,74.87807465,75.60088348,0.001554896,76.43711853,76.78664398,0.936638415,72.02050018,74.85238647,43.96643829
2026/02/12 9:16:28.940 AM -06:00,75.08428955,0,0.001676323,76.71376038,0,0.93512696,71.57781982,0,43.93749237
2026/02/12 9:16:28.940 AM -06:00,74.69792938,75.15096283,0.001571342,76.50894928,76.68843079,0.935496747,72.21050262,72.2461319,49.20627594
2026/02/12 11:30:52.710 AM -06:00,75.3115921,0,0.001571342,76.50609589,0,0.935178101,72.35797882,72.40176392,49.39833069
2026/02/12 11:30:52.710 AM -06:00,75.44662476,75.44698334,0.001571342,76.75899506,76.78517151,0.934021115,72.03826904,0,45.40406036
2026/02/12 1:45:16.480 PM -06:00,75.41168213,0,0.001571342,76.74018097,0,0.937816739,72.27071381,0,44.54875946
2026/02/12 1:45:16.480 PM -06:00,75.49964905,75.50754547,0.001571342,76.67875671,76.80875397,0.935379863,72.0668869,72.2114563,42.85006714
2026/02/12 3:59:40.250 PM -06:00,75.50636292,0,0.001571342,76.8457489,0,0.93545717,72.27661133,72.30021667,42.84746552
2026/02/12 3:59:40.250 PM -06:00,75.48892212,75.53807068,0.001571342,76.74240875,76.83068848,0.934537113,72.06017303,0,43.33963776
2026/02/12 6:14:04.020 PM -06:00,75.52207947,75.52616882,0.001571342,76.8057251,76.74816895,0.949258924,72.11167908,0,43.1193924
2026/02/12 6:14:04.020 PM -06:00,75.44181824,0,0.001571342,76.65825653,0,0.937639415,72.42312622,72.31820679,44.4185257
2026/02/12 8:28:27.790 PM -06:00,75.44781494,0,0.001571342,76.68058014,0,0.935518742,72.06084442,72.31483459,44.71659851
2026/02/12 8:28:27.790 PM -06:00,75.51177216,75.51039124,0.001571342,76.87015533,76.80792999,0.938815176,72.3212738,0,45.96021271
2026/02/12 10:42:51.560 PM -06:00,75.49452972,0,0.001515986,76.69906616,0,0.934883118,71.93401337,0,45.8767395
2026/02/12 10:42:51.560 PM -06:00,74.989151,75.14698792,0.001641635,76.84340668,76.85138702,0.936230719,72.73857117,72.44691467,52.26851654
2026/02/13 12:57:15.330 AM -06:00,75.25802612,0,0.001520289,76.79650116,0,0.935276687,72.48113251,0,52.49101257
2026/02/13 12:57:15.330 AM -06:00,75.29613495,75.39121246,0.001520289,76.89381409,76.97583008,0.937194943,72.10357666,72.40026855,57.72865295
2026/02/13 3:11:39.100 AM -06:00,75.49211121,0,0.001520289,76.87262726,76.97912598,0.935099423,72.20324707,0,56.04456329
2026/02/13 3:11:39.100 AM -06:00,75.5186615,75.55261993,0.001520289,76.75757599,0,0.934252381,72.67022705,72.54708099,52.49053192
2026/02/13 5:26:02.870 AM -06:00,75.51298523,0,0.001620953,76.82857513,0,0.938345432,72.33192444,0,52.43470764
2026/02/13 5:26:02.870 AM -06:00,76.00737,75.93476868,0.001644256,76.94979858,76.99192047,0.935824871,74.45002747,74.4733429,50.25152588
2026/02/13 7:40:26.640 AM -06:00,76.02072906,0,0.001641073,76.82313538,0,0.936261415,74.58221436,74.51557159,49.9226532
2026/02/13 7:40:26.640 AM -06:00,75.95044708,76.04075623,0.001641073,76.95271301,76.95327759,0.937116683,73.83098602,0,50.65050507
2026/02/13 9:54:50.410 AM -06:00,75.93590546,0,0.001540809,76.8675766,76.88238525,0.93803376,74.04920959,0,50.2853241
2026/02/13 9:54:50.410 AM -06:00,76.02668762,76.04966736,0.001540809,76.82633209,0,0.935961843,74.59890747,74.47177887,50.87316895
2026/02/13 12:09:14.180 PM -06:00,76.04063416,0,0.001540809,77.01741028,0,0.93614018,74.42079163,0,50.90200806
2026/02/13 12:09:14.180 PM -06:00,76.01997375,76.05905151,0.001683844,76.87229156,77.01704407,0.93726629,73.72820282,74.38140106,50.00288391
2026/02/13 2:23:37.950 PM -06:00,75.93833923,0,0.001562195,76.88850403,0,0.938198745,73.08383179,0,49.78373718
2026/02/13 2:23:37.950 PM -06:00,76.00873566,76.00907898,0.00166645,77.01779175,76.99734497,0.937035918,74.2837677,74.16912842,47.98374939
2026/02/13 4:38:01.720 PM -06:00,75.95530701,0,0.00156974,76.91718292,76.82736206,0.937425971,73.83379364,74.00125122,48.7359848
2026/02/13 4:38:01.720 PM -06:00,76.06690979,76.02217865,0.00156974,76.97214508,76.99668121,0.939901114,74.64019775,74.69684601,48.31435394
2026/02/13 6:52:25.490 PM -06:00,76.0507431,0,0.00156974,76.96599579,0,0.937849224,74.98449707,74.65452576,47.68739319
2026/02/13 6:52:25.490 PM -06:00,76.03746033,76.08016205,0.00156974,76.93575287,76.93647003,0.937239528,74.42655945,0,46.54582977
2026/02/13 9:06:49.260 PM -06:00,75.98241425,0,0.00156974,76.89414215,76.84857941,0.937810898,74.44732666,74.5491333,46.18308258
2026/02/13 9:06:49.260 PM -06:00,75.99807739,76.03401184,0.00156974,76.82732391,0,0.93868953,74.93861389,0,47.35131836
2026/02/13 11:21:13.030 PM -06:00,75.75341797,0,0.001533514,76.78527832,76.74292755,0.936466992,74.25144196,74.24992371,48.04174042
2026/02/13 11:21:13.030 PM -06:00,75.9896698,75.9965744,0.001574211,76.846138,76.82924652,0.937793136,74.78242493,74.66001129,46.34496307
2026/02/14 1:35:36.800 AM -06:00,76.0377121,0,0.001574211,76.78574371,0,0.939127445,74.60536957,0,48.34885406
2026/02/14 1:35:36.800 AM -06:00,76.01795959,76.04576111,0.001574211,76.91197968,76.99652863,0.938464344,74.39822388,74.57505035,51.04589844
2026/02/14 3:50:00.570 AM -06:00,75.92907715,0,0.001574211,76.80708313,0,0.936451733,74.32233429,0,51.35424805
2026/02/14 3:50:00.570 AM -06:00,76.00515747,76.00942993,0.001574211,76.76647949,76.82679749,0.936661184,74.55232239,74.53028107,53.42527771
2026/02/14 6:04:24.340 AM -06:00,76.03840637,76.02039337,0.001574211,76.78340149,0,0.940092802,74.44598389,0,54.27095795
2026/02/14 6:04:24.340 AM -06:00,76.00022888,0,0.001574211,76.92998505,76.93291473,0.939463794,75.14627838,75.05719757,53.21972656
2026/02/14 8:18:48.110 AM -06:00,75.98563385,76.05067444,0.001574211,76.76156616,0,0.937313378,74.50678253,0,54.5815506
2026/02/14 8:18:48.110 AM -06:00,76.03053284,0,0.001574211,76.9148407,76.89637756,0.94158721,74.95420074,74.9559021,53.14232635
2026/02/14 10:33:11.880 AM -06:00,76.06741333,0,0.001691665,76.78304291,0,0.939834774,74.16436005,0,52.97170258
2026/02/14 10:33:11.880 AM -06:00,76.09410858,76.09392548,0.001568138,77.0067215,76.95536041,0.940170169,74.8079834,74.71949005,50.14729309
2026/02/14 12:47:35.650 PM -06:00,75.94236755,0,0.001571089,76.76568604,0,0.939001977,74.65853882,0,49.89434052
2026/02/14 12:47:35.650 PM -06:00,75.97554016,75.98742676,0.001571089,76.73853302,76.85146332,0.941597164,74.25442505,74.61418152,47.65614319
2026/02/14 3:01:59.420 PM -06:00,75.99623108,0,0.001571089,76.8583374,0,0.940277517,74.40814209,0,47.24430084
2026/02/14 3:01:59.420 PM -06:00,76.07419586,76.06539917,0.001571089,76.93595886,76.95227051,0.941355169,74.96144104,74.956604,44.21609497
2026/02/14 5:16:23.190 PM -06:00,75.85179901,76.05241394,0.001571089,76.864151,76.89087677,0.940123558,74.58576965,74.65756226,42.24227905
2026/02/14 5:16:23.190 PM -06:00,73.66123199,0,0.001571089,76.50748444,0,0.934300065,70.71182251,0,49.54931641
2026/02/14 7:30:46.960 PM -06:00,73.56954956,0,0.001571089,76.46502686,0,0.934613466,70.77615356,0,48.65973663
2026/02/14 7:30:46.960 PM -06:00,73.58047485,73.69448853,0.001571089,76.39724731,76.48812103,0.934015572,71.00164032,71.00782776,51.67538452
2026/02/14 9:45:10.730 PM -06:00,73.67247009,0,0.001582567,76.38398743,0,0.935794532,70.94934845,71.01553345,50.55205536
2026/02/14 9:45:10.730 PM -06:00,73.54698944,73.76019287,0.001837479,76.48806763,76.50748444,0.934481144,70.43717194,0,52.48108673
2026/02/14 11:59:34.500 PM -06:00,73.59650421,0,0.001578961,76.32009125,76.51052094,0.934747219,70.34851074,70.95720673,52.6027832
2026/02/14 11:59:34.500 PM -06:00,73.46266174,73.72216034,0.001578961,76.42675018,0,0.934865713,70.93019867,0,50.55310059
2026/02/15 2:13:58.270 AM -06:00,73.71702576,0,0.001503956,76.5298233,0,0.93623203,71.03988647,0,51.78109741
2026/02/15 2:13:58.270 AM -06:00,73.57910156,73.69647217,0.001576891,76.44482422,76.61328888,0.933308303,70.75960541,70.8853302,49.77391052
2026/02/15 4:28:22.040 AM -06:00,73.56787109,73.65351105,0.001576891,76.59570313,0,0.932748616,70.6060791,0,50.59103394
2026/02/15 4:28:22.040 AM -06:00,73.51029968,0,0.001576891,76.32467651,76.37417603,0.936662614,70.80308533,70.76087189,48.58010101
2026/02/15 6:42:45.810 AM -06:00,73.53096008,0,0.001576891,76.22901917,0,0.935282946,70.53038788,0,48.94320679
2026/02/15 6:42:45.810 AM -06:00,73.62438202,73.63514709,0.001556289,76.30588531,76.41686249,0.934237361,70.75082397,70.84617615,47.11613464
2026/02/15 8:57:09.580 AM -06:00,73.80034637,0,0.001556289,76.27690125,76.59483337,0.932747722,71.01898193,71.0133667,47.55436707
2026/02/15 8:57:09.580 AM -06:00,73.27653503,73.79881287,0.001540502,76.53474426,0,0.93396914,70.11451721,0,50.03077698
2026/02/15 11:11:33.350 AM -06:00,73.53329468,73.56746674,0.001576097,76.39670563,0,0.933734119,71.07798004,0,48.36269379
2026/02/15 11:11:33.350 AM -06:00,73.68549347,0,0.001576097,76.27043152,76.4670639,0.933377028,71.50353241,71.52265167,43.50450897
2026/02/15 1:25:57.120 PM -06:00,73.81731415,0,0.001372743,76.28083801,0,0.936045468,71.35173035,0,43.72344971
2026/02/15 1:25:57.120 PM -06:00,73.58232117,73.63072205,0.001585283,76.34022522,76.46788788,0.933280706,71.82715607,71.84725952,40.49654388
2026/02/15 3:40:20.890 PM -06:00,73.60053253,0,0.001585283,76.29875183,76.30318451,0.933725536,71.85231018,0,40.71417236
2026/02/15 3:40:20.890 PM -06:00,73.5528717,73.60710907,0.001585283,76.25787354,0,0.933830857,71.01612091,71.44016266,38.97570801
2026/02/15 5:54:44.660 PM -06:00,73.44878387,0,0.001585283,76.33919525,0,0.935949266,70.41386414,70.13676453,40.77655792
2026/02/15 5:54:44.660 PM -06:00,73.55195618,73.5625,0.00147567,76.48397827,76.42229462,0.934160292,69.96790314,0,45.60770416
2026/02/15 8:09:08.430 PM -06:00,73.51560211,0,0.00147567,76.33469391,0,0.933435321,70.11552429,70.23983002,45.49328613
2026/02/15 8:09:08.430 PM -06:00,73.4752655,73.62498474,0.001607289,76.46585083,76.55327606,0.93338728,70.29364014,0,47.11377716
2026/02/15 10:23:32.200 PM -06:00,73.51216125,0,0.001669191,76.42582703,0,0.933642626,70.29029083,0,46.78137207
2026/02/15 10:23:32.200 PM -06:00,73.45742035,73.57726288,0.001560715,76.35517883,76.51106262,0.933983386,70.16186523,70.34959412,48.11392975
2026/02/16 12:37:55.970 AM -06:00,73.59944153,0,0.001560715,76.59524536,0,0.933608234,71.77477264,0,43.80432129
2026/02/16 12:37:55.970 AM -06:00,73.39120483,73.69652557,0.001560715,76.42973328,76.57356262,0.933921039,69.47173309,71.78548431,50.44042206
2026/02/16 2:52:19.740 AM -06:00,73.33777618,0,0.001560715,76.34500885,76.48922729,0.934553921,69.41804504,0,50.10919189
2026/02/16 2:52:19.740 AM -06:00,73.3865509,73.58361816,0.001560715,76.49175262,0,0.93303442,71.1809082,70.70942688,53.02574158
2026/02/16 5:06:43.510 AM -06:00,73.39567566,0,0.001560715,76.16756439,0,0.933406711,71.39964294,71.41690826,51.5925293
2026/02/16 5:06:43.510 AM -06:00,73.52829742,73.50205231,0.001560715,76.25401306,76.3181076,0.934619963,71.27111816,0,48.66314697
2026/02/16 7:21:07.280 AM -06:00,73.55364227,0,0.001560715,76.29602051,0,0.934134424,71.52994537,0,48.27214813
2026/02/16 7:21:07.280 AM -06:00,73.45077515,73.58805847,0.001552441,76.36399078,76.42616272,0.933889508,71.31954193,71.50241852,49.94496155
2026/02/16 9:35:31.050 AM -06:00,73.55433655,73.56819916,0.001552441,76.25427246,76.44773102,0.934539139,71.48664856,0,49.27033234
2026/02/16 9:35:31.050 AM -06:00,73.52967072,0,0.001552441,76.36630249,0,0.933692455,71.35067749,71.44173431,50.89239502
2026/02/16 11:49:54.820 AM -06:00,73.58202362,73.58866119,0.001552441,76.29800415,0,0.933096886,71.48763275,0,50.61159515
2026/02/16 11:49:54.820 AM -06:00,73.62860107,0,0.001552441,76.44947815,76.46543884,0.933661878,71.44044495,71.46237183,49.44255066
2026/02/16 2:04:18.590 PM -06:00,73.66098022,0,0.001552441,76.3375473,76.38025665,0.935016155,71.31464386,0,49.49113464
2026/02/16 2:04:18.590 PM -06:00,73.64968109,73.6579361,0.001552441,76.38339996,0,0.934234083,71.36946869,71.36165619,43.9478302
2026/02/16 4:18:42.360 PM -06:00,73.63622284,73.63775635,0.001668432,76.31726074,0,0.932628095,71.5005188,0,41.21903229
2026/02/16 4:18:42.360 PM -06:00,73.5381012,0,0.001564594,76.46443939,76.40576935,0.936024666,71.3359375,71.39564514,45.38011169
2026/02/16 6:33:06.130 PM -06:00,73.63587189,0,0.001564594,76.38463593,0,0.934343457,71.31175232,0,45.58207703
2026/02/16 6:33:06.130 PM -06:00,73.50907898,73.57272339,0.001564594,76.22970581,76.4037323,0.9340415,71.39889526,71.4012146,48.662117
2026/02/16 8:47:29.900 PM -06:00,73.51765442,73.51289368,0.001564594,76.25362396,0,0.933303535,71.3538208,71.42451477,48.58110046
2026/02/16 8:47:29.900 PM -06:00,73.32752991,0,0.001564594,76.31887817,76.36296082,0.933434427,69.6286087,0,56.28747559
2026/02/16 11:01:53.670 PM -06:00,73.35472107,0,0.001579247,76.17014313,0,0.93132031,69.64589691,0,55.89109039
2026/02/16 11:01:53.670 PM -06:00,73.41861725,73.45896149,0.001579247,76.38319397,76.479599,0.932854831,69.98916626,69.88275146,59.58926392
2026/02/17 1:16:17.440 AM -06:00,73.57749939,73.70874023,0.001579247,76.49105072,0,0.934682369,70.95228577,0,57.08164978
2026/02/17 1:16:17.440 AM -06:00,73.65718842,0,0.001579247,76.40834045,76.514328,0.931540668,71.35822296,71.39838409,48.77536774
2026/02/17 3:30:41.210 AM -06:00,73.66679382,73.58045959,0.001579247,76.46592712,0,0.934306026,71.29716492,0,46.55640411
2026/02/17 3:30:41.210 AM -06:00,73.25032043,0,0.001450992,76.39627075,76.49525452,0.932104886,69.4309845,71.39530945,53.87329102
2026/02/17 5:45:04.980 AM -06:00,73.3860321,73.38503265,0.001553682,76.36283112,76.4704895,0.934733748,69.54322052,0,53.87139893
2026/02/17 5:45:04.980 AM -06:00,73.3782959,0,0.001553682,76.29759216,0,0.933428109,69.8809433,69.83764648,58.82887268
2026/02/17 7:59:28.750 AM -06:00,73.35055542,0,0.001627535,76.2150116,0,0.933902323,69.88236237,0,58.6820755
2026/02/17 7:59:28.750 AM -06:00,73.36965179,73.41146851,0.001641182,76.40605164,76.44286346,0.932814062,69.98846436,69.96990967,61.78530121
2026/02/17 10:13:52.520 AM -06:00,73.39066315,0,0.001519115,76.38465881,0,0.935353518,69.98764038,0,61.37789917
2026/02/17 10:13:52.520 AM -06:00,73.47459412,73.42823792,0.001519115,76.53881073,76.4484787,0.933086514,70.07333374,70.02681732,62.63948822
2026/02/17 12:28:16.290 PM -06:00,73.57202911,0,0.001632674,76.44510651,76.40512085,0.932753205,70.10916138,71.097229,62.24052429
2026/02/17 12:28:16.290 PM -06:00,73.35433197,73.63749695,0.001632674,76.27220917,0,0.935390413,71.39750671,0,60.40782166
2026/02/17 2:42:40.060 PM -06:00,73.35169983,73.37329102,0.001626908,76.57003784,76.57933044,0.933358014,70.73566437,0,62.13077545
2026/02/17 2:42:40.060 PM -06:00,73.3907547,0,0.001626908,76.14092255,0,0.9350546,70.82566071,70.88208008,58.76374054
2026/02/17 4:57:03.830 PM -06:00,73.2462616,0,0.001626908,76.04525757,0,0.935772657,70.90565491,70.92382813,59.6783905
2026/02/17 4:57:03.830 PM -06:00,73.30656433,73.36299896,0.001626908,76.27635956,76.27648926,0.935907245,70.74123383,0,58.06129456
2026/02/17 7:11:27.600 PM -06:00,73.32143402,73.34522247,0.001626908,76.25189972,0,0.934522331,70.80220795,0,58.82961273
2026/02/17 7:11:27.600 PM -06:00,73.31235504,0,0.001626908,76.19248199,76.27664185,0.933620751,70.67350006,70.8445816,54.93292236
2026/02/17 9:25:51.370 PM -06:00,73.25222778,0,0.001626908,76.20674133,76.30158234,0.934827209,70.58530426,0,54.46016693
2026/02/17 9:25:51.370 PM -06:00,73.53340912,73.52390289,0.001647104,76.27913666,0,0.933106124,71.42108917,71.42175293,44.55303192
2026/02/17 11:40:15.140 PM -06:00,73.43118286,0,0.001478581,76.18952179,0,0.934350848,71.46430969,71.54948425,44.27500153
2026/02/17 11:40:15.140 PM -06:00,73.47833252,73.55800629,0.001478581,76.23457336,76.15561676,0.932702065,71.42378998,0,36.30875397
2026/02/18 1:54:38.910 AM -06:00,73.50389862,0,0.001478581,76.13002777,0,0.934432089,69.6468277,0,35.33398056
2026/02/18 1:54:38.910 AM -06:00,73.34770203,73.53453064,0.001478581,76.27252197,76.2580719,0.933653951,72.01772308,71.90166473,43.34567261
2026/02/18 4:09:02.680 AM -06:00,73.31620789,0,0.001637026,76.14555359,0,0.932356656,70.47714233,0,43.28464508
2026/02/18 4:09:02.680 AM -06:00,73.24050903,73.37438202,0.001639544,76.27679443,76.32299805,0.932330072,70.1818161,70.43227386,49.83194733
2026/02/18 6:23:26.450 AM -06:00,73.36999512,73.30558777,0.001505896,76.40444946,0,0.935998559,70.36126709,0,49.16252136
2026/02/18 6:23:26.450 AM -06:00,73.2251358,73.38010406,0.001571491,76.17528534,76.30104065,0.934027851,70.60858154,70.56502533,51.62693024
2026/02/18 8:37:50.220 AM -06:00,73.25804138,73.43464661,0.001565071,76.19837952,76.26994324,0.933538616,70.63646698,0,51.78447723
2026/02/18 8:37:50.220 AM -06:00,73.23612976,0,0.001565071,76.02056885,0,0.935877144,70.37200928,70.60842896,49.83526611
2026/02/18 10:52:13.990 AM -06:00,73.31331635,0,0.001565071,76.08410645,0,0.933724463,70.26717377,0,50.2234726
2026/02/18 10:52:13.990 AM -06:00,73.29814148,73.35978699,0.001565071,76.19101715,76.2077713,0.933951676,70.45245361,70.42012787,47.0646286
2026/02/18 1:06:37.760 PM -06:00,73.34278107,73.37174988,0.001565071,76.21722412,76.28006744,0.933062792,70.56139374,70.48157501,47.39533997
2026/02/18 1:06:37.760 PM -06:00,73.29519653,0,0.001565071,76.10861206,0,0.934268117,70.26085663,0,46.38028717
2026/02/18 3:21:01.530 PM -06:00,73.3422699,73.3401947,0.001565071,76.0881958,0,0.935128748,70.30482483,0,46.8303299
2026/02/18 3:21:01.530 PM -06:00,73.26960754,0,0.001565071,76.25133514,76.19799805,0.933100283,70.49559784,70.43332672,47.83096313
2026/02/18 5:35:25.300 PM -06:00,73.41405487,73.42456818,0.001565071,76.21456909,0,0.935637057,70.24807739,70.3759079,46.81367493
2026/02/18 5:35:25.300 PM -06:00,73.41428375,0,0.001565071,76.19845581,76.29218292,0.935788989,70.36598206,0,41.2990036
2026/02/18 7:49:49.070 PM -06:00,73.36688995,0,0.001565071,76.08369446,76.14838409,0.933180273,71.67729187,71.05846405,39.62802887
2026/02/18 7:49:49.070 PM -06:00,73.20656586,73.42880249,0.001565071,76.12876892,0,0.933042407,69.54360962,0,50.70308685
2026/02/18 10:04:12.840 PM -06:00,73.37380219,0,0.001565071,76.10570526,0,0.934022844,69.88066101,0,50.43837738
2026/02/18 10:04:12.840 PM -06:00,73.30209351,73.4161377,0.001519303,76.21243286,76.15389252,0.932179689,71.70668793,71.80589294,53.78372955
2026/02/19 12:18:36.610 AM -06:00,73.49936676,0,0.001519303,76.15304565,0,0.932952225,71.9418869,72.08298492,51.17319489
2026/02/19 12:18:36.610 AM -06:00,73.4792099,73.60333252,0.001519303,76.2175827,76.233078,0.934090257,71.79611969,0,47.80591583
2026/02/19 2:33:00.380 AM -06:00,73.56629181,0,0.001519303,76.27213287,76.27818298,0.933460474,71.91305542,72.05786133,49.77412415
2026/02/19 2:33:00.380 AM -06:00,73.60879517,73.5654068,0.001519303,76.33023834,0,0.932897449,72.01301575,0,46.83305359
2026/02/19 4:47:24.150 AM -06:00,73.52280426,73.561203,0.001519303,76.34012604,0,0.932242453,71.75987244,0,47.17768097
2026/02/19 4:47:24.150 AM -06:00,73.50744629,0,0.001631842,76.17443848,76.28104401,0.936885893,72.02498627,72.03396606,42.13738251
2026/02/19 7:01:47.920 AM -06:00,73.5282135,0,0.001631842,76.19500732,0,0.934315264,72.10468292,0,42.03050995
2026/02/19 7:01:47.920 AM -06:00,73.57417297,73.5885849,0.001527771,76.0446167,76.1542511,0.934045911,71.73201752,71.93635559,38.26834488
2026/02/19 9:16:11.690 AM -06:00,73.62182617,73.64923859,0.00152686,76.2335434,0,0.93478322,71.55154419,0,39.21775818
2026/02/19 9:16:11.690 AM -06:00,73.52771759,0,0.00152686,76.06322479,76.2963028,0.932912052,71.95645905,71.91653442,38.15678787
2026/02/19 11:30:35.460 AM -06:00,73.510849,73.52381897,0.00152686,76.06775665,0,0.933922887,71.95452881,0,38.27027512
2026/02/19 11:30:35.460 AM -06:00,73.44143677,0,0.00152686,76.19670868,76.17024231,0.933331609,71.83578491,71.89092255,36.41942596
2026/02/19 1:44:59.230 PM -06:00,73.4420929,0,0.001629545,76.15180969,0,0.935580313,71.97241211,0,36.84577179
2026/02/19 1:44:59.230 PM -06:00,73.5121994,73.50028992,0.001629545,75.97986603,76.15248108,0.93884033,71.77230835,71.90921783,35.74417114
2026/02/19 3:59:23.000 PM -06:00,73.52224731,0,0.001629545,76.08506012,0,0.941732407,71.84965515,0,35.71223068
2026/02/19 3:59:23.000 PM -06:00,73.55384827,73.62937927,0.001629545,76.18952179,76.23310852,0.939736009,72.03649139,72.04064178,33.77074432
2026/02/19 6:13:46.770 PM -06:00,73.66233063,73.66555023,0.001629545,76.27628326,0,0.940896749,71.99846649,72.03686523,32.91096115
2026/02/19 6:13:46.770 PM -06:00,73.60125732,0,0.001629545,76.13028717,76.30240631,0.938250124,71.90686798,0,25.48626709
2026/02/19 8:28:10.540 PM -06:00,73.71365356,73.71263123,0.00151186,76.1931839,76.10572815,0.93870151,71.9105072,0,25.2740097
2026/02/19 8:28:10.540 PM -06:00,73.60966492,0,0.001634029,75.96411896,0,0.941498995,72.01604462,72.03908539,22.71491241
2026/02/19 10:42:34.310 PM -06:00,73.39001465,73.51839447,0.001634029,76.13101196,0,0.939487815,71.81365204,71.99944305,22.71684647
2026/02/19 10:42:34.310 PM -06:00,73.02207184,0,0.001576202,76.15672302,76.25928497,0.939532936,67.43626404,0,39.78665161
2026/02/20 12:56:58.080 AM -06:00,73.08812714,0,0.001441956,76.17294312,0,0.938097715,68.84876251,0,40.4442215
2026/02/20 12:56:58.080 AM -06:00,73.0923996,73.09278107,0.001441956,76.27416992,76.2815094,0.939387143,69.33700562,69.35460663,43.2663269
2026/02/20 3:11:21.850 AM -06:00,73.11174011,0,0.001441956,76.1962204,0,0.937671304,69.31695557,0,43.06487274
2026/02/20 3:11:21.850 AM -06:00,73.09866333,73.10454559,0.001441956,76.17102051,76.27694702,0.938044071,69.10085297,69.29460907,43.67510986
2026/02/20 5:25:45.620 AM -06:00,73.06007385,73.07964325,0.001441956,76.19055176,0,0.937600911,69.12095642,0,44.00952148
2026/02/20 5:25:45.620 AM -06:00,73.30490875,73.11988831,0.001441956,76.20720673,76.23236084,0.940298975,70.27170563,70.33356476,42.0843277
2026/02/20 7:40:09.390 AM -06:00,73.420578,0,0.001441956,76.21125031,0,0.939269662,70.33088684,70.41551208,41.8053894
2026/02/20 7:40:09.390 AM -06:00,73.42966461,73.44565582,0.001441956,76.1322937,76.21688843,0.940058887,70.09861755,0,34.35968018
2026/02/20 9:54:33.160 AM -06:00,73.41243744,0,0.001441956,76.2530365,76.23251343,0.939663827,69.95458221,0,33.76898193
2026/02/20 9:54:33.160 AM -06:00,73.45871735,73.49764252,0.001441956,76.19804382,0,0.940910816,70.11701965,69.99433899,31.17428589
2026/02/20 12:08:56.930 PM -06:00,73.42169189,0,0.001495616,76.19112396,0,0.937981963,70.1807251,0,31.11915588
2026/02/20 12:08:56.930 PM -06:00,73.50796509,73.52461243,0.001495616,76.38594818,76.29903412,0.940776467,71.11972809,71.11799622,29.40444946
2026/02/20 2:23:20.700 PM -06:00,73.58094788,0,0.001763627,76.27900696,0,0.941892385,71.4998703,0,28.63045883
2026/02/20 2:23:20.700 PM -06:00,73.21684265,73.58435822,0.001569233,75.32030487,76.15342712,0.938800037,70.85087585,71.53572083,26.645504
2026/02/20 4:37:44.470 PM -06:00,73.19394684,0,0.001569233,75.93667603,76.08680725,0.939955056,70.76448822,70.68216705,26.70175934
2026/02/20 4:37:44.470 PM -06:00,72.97037506,73.21783447,0.001569233,76.10887146,0,0.942426503,69.04090118,0,31.39248657
2026/02/20 6:52:08.240 PM -06:00,72.97847748,0,0.001569233,76.34418488,0,0.951981127,68.77785492,68.95214081,32.85325241
2026/02/20 6:52:08.240 PM -06:00,72.98384857,73.00341797,0.001569233,76.29620361,76.32559967,0.939856589,68.21021271,0,51.39260864
2026/02/20 9:06:32.010 PM -06:00,72.84580231,0,0.001569233,76.44997406,0,0.938264668,67.98587036,0,51.45069885
2026/02/20 9:06:32.010 PM -06:00,73.07718658,73.23262787,0.001579188,76.15703583,76.36597443,0.940845191,69.50818634,69.06558228,54.65103149
2026/02/20 11:20:55.780 PM -06:00,73.25434113,73.35800171,0.001579188,76.25866699,0,0.93757683,69.55416107,0,53.08583069
2026/02/20 11:20:55.780 PM -06:00,73.16525269,0,0.001579188,76.06983948,76.23812866,0.938324332,67.23084259,69.53330994,50.99729156
2026/02/21 1:35:19.550 AM -06:00,72.9936676,0,0.001435755,76.26381683,0,0.938034713,67.65512085,0,51.14415741
2026/02/21 1:35:19.550 AM -06:00,73.09658813,73.11365509,0.001435755,76.19631958,76.23220062,0.937840164,67.91976929,67.86030579,47.25391388
2026/02/21 3:49:43.320 AM -06:00,73.07505798,73.09320831,0.001435755,76.17556763,76.30377197,0.936958611,67.92662048,0,47.36097717
2026/02/21 3:49:43.320 AM -06:00,73.08110046,0,0.001435755,76.12691498,0,0.936458945,67.77738953,67.89237976,44.88436127
2026/02/21 6:04:07.090 AM -06:00,73.09684753,0,0.001435755,76.2396698,0,0.939005494,67.88079834,0,45.11104584
2026/02/21 6:04:07.090 AM -06:00,73.07839203,73.12052917,0.001435755,76.27924347,76.28340912,0.936226547,67.77545929,67.82671356,44.05620575
2026/02/21 8:18:30.860 AM -06:00,73.17147064,0,0.001435755,76.27555847,0,0.936610043,67.84465027,0,43.39658356
2026/02/21 8:18:30.860 AM -06:00,73.08983612,73.18242645,0.001435755,76.20010376,76.34465027,0.939344168,67.67942047,67.97055817,35.8189888
2026/02/21 10:32:54.630 AM -06:00,73.05654907,0,0.001435755,76.17809296,0,0.93665719,67.5690155,0,35.55009842
2026/02/21 10:32:54.630 AM -06:00,73.13040161,73.15660095,0.001435755,76.32428741,76.25733185,0.938490391,67.73712921,67.65161896,32.69536591
2026/02/21 12:47:18.400 PM -06:00,73.16577148,0,0.001563553,76.35855865,0,0.937962353,67.80867004,0,32.50219345
2026/02/21 12:47:18.400 PM -06:00,73.34793854,73.3601532,0.001563553,76.20497131,76.26062775,0.939735889,69.57118225,69.25872803,31.33259964
2026/02/21 3:01:42.170 PM -06:00,73.41712952,73.45094299,0.001563553,76.36419678,0,0.937031984,70.16503906,0,27.33179855
2026/02/21 3:01:42.170 PM -06:00,73.13969421,0,0.001563553,76.19142914,76.45030212,0.93896234,68.91486359,70.12372589,34.04001617
2026/02/21 5:16:05.940 PM -06:00,73.01226807,73.05441284,0.001563553,76.29975891,0,0.941202164,68.70777893,68.22122955,34.58142853
2026/02/21 5:16:05.940 PM -06:00,72.78523254,0,0.001429244,76.04026031,76.10969543,0.937633157,67.03234863,0,40.3397522
2026/02/21 7:30:29.710 PM -06:00,72.89732361,0,0.001429244,76.06852722,76.10954285,0.937283158,67.48789215,0,40.00624084
2026/02/21 7:30:29.710 PM -06:00,72.86554718,72.88221741,0.001429244,76.06739807,0,0.936534464,67.58777618,67.65689087,41.59680939
2026/02/21 9:44:53.480 PM -06:00,72.87998199,72.90053558,0.001429244,76.05767059,0,0.939022481,67.58602905,0,41.59429932
2026/02/21 9:44:53.480 PM -06:00,72.83376312,0,0.001429244,76.02579498,76.06492615,0.935833335,67.46781921,67.67094421,42.43466949
2026/02/21 11:59:17.250 PM -06:00,72.86642456,0,0.001429244,75.96038055,0,0.936347663,67.69602203,0,42.68590546
2026/02/21 11:59:17.250 PM -06:00,72.85691071,72.87619019,0.001429244,76.04667664,76.02067566,0.936240196,67.29944611,67.58569336,42.13609314
2026/02/22 2:13:41.020 AM -06:00,72.91623688,0,0.001429244,76.04819489,76.31965637,0.939359605,67.48712158,67.67295837,42.68435669
2026/02/22 2:13:41.020 AM -06:00,72.82154846,72.89360046,0.001429244,76.23738098,0,0.934775889,67.66648865,0,42.00531006
2026/02/22 4:28:04.790 AM -06:00,72.90988922,0,0.001429244,76.13340759,0,0.935647368,67.60203552,67.64587402,42.32511902
2026/02/22 4:28:04.790 AM -06:00,73.15518951,73.12526703,0.001429244,76.2586441,76.26098633,0.939225972,67.41098022,0,36.68912506
2026/02/22 6:42:28.560 AM -06:00,73.14009094,0,0.001429244,76.21768951,76.30032349,0.936235905,67.60870361,67.58120728,36.42078781
2026/02/22 6:42:28.560 AM -06:00,73.13968658,73.14051819,0.001429244,76.24160004,0,0.934504151,67.49116516,0,33.66283798
2026/02/22 8:56:52.330 AM -06:00,73.1738739,0,0.001429244,76.32621765,76.32666016,0.936118662,67.42171478,0,33.82246399
2026/02/22 8:56:52.330 AM -06:00,73.18440247,73.20044708,0.001429244,76.31163025,0,0.938088655,68.02919769,68.15620422,28.60256958
2026/02/22 11:11:16.100 AM -06:00,73.20383453,0,0.001429244,76.09334564,0,0.935939968,68.42422485,0,27.80211639
2026/02/22 11:11:16.100 AM -06:00,73.46231079,73.46650696,0.001541235,76.27404022,76.29831696,0.937552392,70.03846741,69.42923737,21.94669342
2026/02/22 1:25:39.870 PM -06:00,73.40296173,0,0.001595908,76.42237091,0,0.937995732,70.32953644,0,19.21961975
2026/02/22 1:25:39.870 PM -06:00,73.23937988,73.51515198,0.001595908,76.17461395,76.47259521,0.937157869,68.73351288,70.33357239,23.98949814
2026/02/22 3:40:03.640 PM -06:00,73.16758728,0,0.001595908,76.06134796,0,0.936031818,69.32086182,0,24.19509888
2026/02/22 3:40:03.640 PM -06:00,73.24555969,73.21479797,0.001595908,76.08717346,76.10823059,0.935209274,68.81040955,69.25491333,31.78948593
2026/02/22 5:54:27.410 PM -06:00,73.24170685,0,0.001595908,76.11466217,76.10858917,0.938064814,69.29927063,69.32606506,31.60208893
2026/02/22 5:54:27.410 PM -06:00,72.78511047,73.23595428,0.001595908,75.94316101,0,0.936948895,67.58339691,0,42.95804596
2026/02/22 8:08:51.180 PM -06:00,72.74989319,0,0.001595908,75.9118042,0,0.934383035,68.28733063,68.1162796,42.93521118
2026/02/22 8:08:51.180 PM -06:00,72.78782654,72.85618591,0.001392492,76.12830353,76.10907745,0.936070919,66.34200287,0,47.17420197
2026/02/22 10:23:14.950 PM -06:00,72.85470581,0,0.001392492,75.93608093,0,0.935432017,66.17203522,0,44.61274719
2026/02/22 10:23:14.950 PM -06:00,72.94493103,72.92848206,0.001392492,76.23284912,76.04821777,0.936059475,68.70545959,67.52396393,48.77239227
2026/02/23 12:37:38.720 AM -06:00,72.81214905,72.8431778,0.001392492,75.94097137,0,0.935934484,66.319664,0,48.22563171
2026/02/23 12:37:38.720 AM -06:00,72.85400391,0,0.001392492,76.04904175,76.15299225,0.938447595,66.69445801,66.66243744,44.19703674
2026/02/23 2:52:02.490 AM -06:00,72.80484772,0,0.001392492,76.17102051,0,0.935458124,66.60415649,0,42.90462494
2026/02/23 2:52:02.490 AM -06:00,72.84574127,72.82369995,0.001392492,75.7853775,76.1760025,0.935707986,65.99258423,66.42926788,47.76908112
2026/02/23 5:06:26.260 AM -06:00,72.9101181,0,0.001392492,75.98085022,76.28276825,0.935218096,66.27404785,0,48.0356369
2026/02/23 5:06:26.260 AM -06:00,72.78455353,72.86423492,0.001392492,76.27125549,0,0.93998003,65.79301453,66.24842834,42.19889069
2026/02/23 7:20:50.030 AM -06:00,72.73910522,0,0.001392492,76.10827637,0,0.937567174,65.75061798,0,42.05593872
2026/02/23 7:20:50.030 AM -06:00,72.78065491,72.82094574,0.001392492,76.18792725,76.27846527,0.934747159,66.13161469,65.97863007,40.91719055
2026/02/23 9:35:13.800 AM -06:00,72.93754578,0,0.001493171,76.17420197,0,0.937627494,67.54849243,0,40.71328735
2026/02/23 9:35:13.800 AM -06:00,72.74504089,73.08384705,0.00154291,76.13549042,76.25956726,0.935366809,65.6338501,67.6496048,42.24913025
2026/02/23 11:49:37.570 AM -06:00,72.73979187,0,0.001505501,76.08650208,0,0.93500185,65.66643524,0,42.13729095
2026/02/23 11:49:37.570 AM -06:00,72.83975983,72.83970642,0.001505501,75.94100189,76.11306763,0.935936213,66.34043121,66.20842743,41.26779175
2026/02/23 2:04:01.340 PM -06:00,72.65357208,0,0.001505501,75.94342041,0,0.937201262,65.68018341,0,41.6971283
2026/02/23 2:04:01.340 PM -06:00,72.82828522,72.90359497,0.001505501,75.97731781,76.00576782,0.936550617,67.80112457,67.30420685,39.8144455
2026/02/23 4:18:25.110 PM -06:00,72.88552094,72.9284668,0.001505501,75.98187256,75.98249817,0.935071886,67.04277039,67.01705933,40.49590302
2026/02/23 4:18:25.110 PM -06:00,72.86956787,0,0.001505501,75.83166504,0,0.938874662,66.60752869,0,41.37854004
2026/02/23 6:32:48.880 PM -06:00,72.84490204,0,0.001505501,75.78540039,0,0.93566376,66.63399506,0,41.0442276
2026/02/23 6:32:48.880 PM -06:00,72.94445801,72.95832825,0.001609853,75.96401215,75.94154358,0.935457051,67.59344482,67.42176819,41.86789703
2026/02/23 8:47:12.650 PM -06:00,72.99142456,0,0.001624443,75.9402771,0,0.935318112,67.98775482,0,41.21457672
2026/02/23 8:47:12.650 PM -06:00,73.12310791,73.13529205,0.001507515,76.0218811,76.00576782,0.937970936,68.35964203,68.41140747,46.1662674
2026/02/23 11:01:36.420 PM -06:00,73.09498596,73.0925293,0.001507515,75.98414612,0,0.937609196,68.20088959,0,47.22351074
2026/02/23 11:01:36.420 PM -06:00,72.95106506,0,0.001507515,75.91831207,76.06708527,0.936432421,67.15734863,68.13458252,44.88474274
2026/02/24 1:16:00.190 AM -06:00,72.80099487,72.82126617,0.001507515,76.02579498,0,0.936194301,67.65161896,67.56643677,44.69416809
2026/02/24 1:16:00.190 AM -06:00,72.74623108,0,0.001507515,76.12817383,76.17366028,0.937045753,66.04653931,0,41.04811859
2026/02/24 3:30:23.960 AM -06:00,72.72931671,0,0.001507515,76.13093567,76.13417816,0.936544538,66.1219635,66.04800415,41.10819244
2026/02/24 3:30:23.960 AM -06:00,72.65431976,72.71405792,0.001507515,75.98203278,0,0.9348194,65.86001587,0,39.56800842
2026/02/24 5:44:47.730 AM -06:00,72.71028137,0,0.001507515,76.02461243,0,0.939005911,66.12958527,0,39.05935669
2026/02/24 5:44:47.730 AM -06:00,72.75765228,72.77857971,0.001507515,76.08863068,76.04754639,0.936963439,65.94483948,66.04070282,40.22605133
2026/02/24 7:59:11.500 AM -06:00,72.82622528,0,0.001507515,76.12805176,0,0.936155677,66.02787781,0,40.33634949
2026/02/24 7:59:11.500 AM -06:00,73.02867126,72.99272156,0.001507515,76.19364166,76.18571472,0.946669579,67.80485535,67.71578979,44.22492218
2026/02/24 10:13:35.270 AM -06:00,72.81680298,0,0.001630411,76.0260849,76.17528534,0.938451946,67.16465759,67.16551208,44.05587006
2026/02/24 10:13:35.270 AM -06:00,72.90046692,72.88755798,0.001630411,76.06762695,0,0.938740253,66.36030579,0,46.3049469
2026/02/24 12:27:59.040 PM -06:00,72.9941864,0,0.001630411,76.14559937,0,0.940803587,66.40213776,0,46.67259216
2026/02/24 12:27:59.040 PM -06:00,72.9464798,72.96900177,0.001639303,76.19462585,76.40725708,0.937243223,67.2487793,67.1241684,45.6314621
2026/02/24 2:42:22.810 PM -06:00,73.00758362,0,0.001639303,76.11157227,76.33657074,0.938148797,66.15647888,0,46.27519989
2026/02/24 2:42:22.810 PM -06:00,73.13473511,73.02391052,0.001639303,76.34480286,0,0.93655014,68.36950684,68.02414703,38.04525757
2026/02/24 4:56:46.580 PM -06:00,73.00065613,73.1493454,0.001639303,76.33456421,76.3187561,0.936657548,66.91146088,0,38.09896088
2026/02/24 4:56:46.580 PM -06:00,73.04109955,0,0.001639303,76.08930206,0,0.939303517,67.50187683,67.39309692,44.39502716
2026/02/24 7:11:10.350 PM -06:00,72.99094391,0,0.001639303,76.00442505,0,0.938398898,66.81951141,0,44.41609192
2026/02/24 7:11:10.350 PM -06:00,73.08494568,73.09654999,0.001639303,76.21168518,76.23642731,0.936645031,67.62863159,67.51605988,46.61248779
2026/02/24 9:25:34.120 PM -06:00,73.05021667,73.04560852,0.001639303,76.04450989,0,0.93911314,65.94645691,0,46.44152832
2026/02/24 9:25:34.120 PM -06:00,72.75135803,0,0.001683069,76.17536163,76.15317535,0.937142432,68.92725372,67.86161804,54.32330322
2026/02/24 11:39:57.890 PM -06:00,72.86573029,72.92308044,0.001576685,76.02337646,0,0.936575115,68.66663361,0,53.81320953
2026/02/24 11:39:57.890 PM -06:00,72.82096863,0,0.001576685,75.85712433,75.98475647,0.937632024,68.32228851,68.55108643,58.82853699
2026/02/25 1:54:21.660 AM -06:00,73.08124542,0,0.001576685,76.14902496,0,0.938304782,68.34345245,68.44984436,58.71342468
2026/02/25 1:54:21.660 AM -06:00,73.03431702,73.03996277,0.001576685,76.02590179,76.14933777,0.936970651,68.14992523,0,49.44091034
2026/02/25 4:08:45.430 AM -06:00,72.92405701,0,0.001576685,75.64064789,0,0.936319768,68.09599304,0,53.24226379
2026/02/25 4:08:45.430 AM -06:00,73.0911026,73.08331299,0.001576685,76.21359253,76.27921295,0.940912366,67.81564331,68.18269348,48.52598572
2026/02/25 6:23:09.200 AM -06:00,72.9605484,0,0.001576685,76.16887665,76.17205048,0.937542319,67.92777252,0,49.16323853
2026/02/25 6:23:09.200 AM -06:00,73.11694336,73.09085846,0.001576685,75.98282623,0,0.93757081,68.5894928,68.47332001,43.12676239
2026/02/25 8:37:32.970 AM -06:00,73.01811981,0,0.001576685,76.08330536,0,0.937447906,68.2662735,0,42.98516846
2026/02/25 8:37:32.970 AM -06:00,73.09400177,73.05092621,0.001576685,76.02180481,76.262146,0.940757096,68.5265274,68.56153107,38.97919083
2026/02/25 10:51:56.740 AM -06:00,73.15531921,73.15470886,0.001576685,76.21091461,0,0.937977791,68.10824585,0,39.02890778
2026/02/25 10:51:56.740 AM -06:00,73.12377167,0,0.001576685,76.1076889,76.15536499,0.939231277,68.85646057,68.87184906,37.5590744
2026/02/25 1:06:20.510 PM -06:00,73.15783691,0,0.001576685,76.09293365,0,0.938965499,68.91383362,68.83100128,38.15748215
2026/02/25 1:06:20.510 PM -06:00,73.08245087,73.19294739,0.001576685,76.25923157,76.27115631,0.941339076,67.98873138,0,35.63300323
2026/02/25 3:20:44.280 PM -06:00,73.1806488,73.22309875,0.001691511,76.27154541,0,0.939499378,68.04906464,68.5423584,35.92673111
2026/02/25 3:20:44.280 PM -06:00,73.19953918,0,0.001691511,76.30279541,76.38751984,0.944976628,68.83233643,0,34.85142136
2026/02/25 5:35:08.050 PM -06:00,73.22068024,0,0.001590811,76.28132629,0,0.942799628,68.06726837,0,34.82298279
2026/02/25 5:35:08.050 PM -06:00,73.282547,73.24208832,0.001590811,76.3434906,76.40586853,0.939562082,68.9990387,68.95252991,35.59938812
2026/02/25 7:49:31.820 PM -06:00,73.20588684,73.19255066,0.001590811,76.40612793,76.34629822,0.939623177,68.93602753,0,35.54751968
2026/02/25 7:49:31.820 PM -06:00,73.19319916,0,0.001590811,76.21387482,0,0.939299881,68.21768188,68.81208038,36.36095047
2026/02/25 10:03:55.590 PM -06:00,73.1882782,0,0.001590811,76.21006775,0,0.94159615,66.46723938,68.93687439,36.02859879
2026/02/25 10:03:55.590 PM -06:00,72.89737701,73.2199707,0.001639436,76.19256592,76.25283051,0.939836204,69.11845398,0,36.68511963
2026/02/26 12:18:19.360 AM -06:00,73.19902039,0,0.001565958,76.34545135,76.32024384,0.94051379,68.49911499,68.7390213,36.57910156
2026/02/26 12:18:19.360 AM -06:00,73.17382813,73.17350769,0.001565958,76.15260315,76.07279968,0.94009161,68.27219391,0,38.04826736
2026/02/26 2:32:43.130 AM -06:00,72.95321655,0,0.001565958,75.95829773,0,0.936652124,68.05264282,0,37.9961853
2026/02/26 2:32:43.130 AM -06:00,73.11508942,73.201828,0.001563465,76.10887146,76.06685638,0.93860358,69.66176605,68.71763611,39.46489716
2026/02/26 4:47:06.900 AM -06:00,73.06816864,0,0.001556044,75.93770599,0,0.937874675,69.40864563,0,39.40704346
2026/02/26 4:47:06.900 AM -06:00,73.34098816,73.23664856,0.001556044,76.1111145,76.03050995,0.943235397,67.64360809,69.0206604,32.85057449
2026/02/26 7:01:30.670 AM -06:00,73.4289093,0,0.001556044,76.0413208,0,0.939548075,69.77726746,0,31.97857666
2026/02/26 7:01:30.670 AM -06:00,73.15080261,73.44050598,0.001556044,75.98823547,76.06932831,0.939837694,68.51452637,69.80550385,32.85241699
2026/02/26 9:15:54.440 AM -06:00,73.20254517,0,0.001543173,75.90042877,0,0.938315749,68.31935883,68.72520447,32.85066986
2026/02/26 9:15:54.440 AM -06:00,73.16003418,73.23883057,0.001543173,75.81456757,75.98053741,0.942479908,68.66668701,0,35.20116043
2026/02/26 11:30:18.210 AM -06:00,73.23243713,0,0.001543173,75.83197021,0,0.941777706,68.20238495,0,35.93217087
2026/02/26 11:30:18.210 AM -06:00,73.28513336,73.25522614,0.001655468,76.02494812,0,0.940135479,69.00815582,0,34.74017334
2026/02/26 1:44:41.980 PM -06:00,73.09757996,73.2268219,0.00159806,75.88299561,76.08712006,0.941390038,67.80343628,0,34.47226334
2026/02/26 1:44:41.980 PM -06:00,73.14342499,0,0.00159806,75.96607208,0,0.93704021,68.8702774,68.86961365,32.39073181
2026/02/26 3:59:05.750 PM -06:00,73.02979279,0,0.00159806,75.99876404,0,0.939351022,68.70880127,0,32.5223732
2026/02/26 3:59:05.750 PM -06:00,73.21697235,73.25200653,0.00159806,75.9617691,76.00571442,0.941994846,67.67277527,68.30406952,30.52952957
2026/02/26 6:13:29.520 PM -06:00,73.19626617,0,0.00159806,76.08562469,76.11057281,0.942410946,68.70201111,68.3012085,30.63354492
2026/02/26 6:13:29.520 PM -06:00,73.0426712,73.28190613,0.00159806,75.93772888,0,0.939607561,67.69076538,0,28.48815155
2026/02/26 8:27:53.290 PM -06:00,73.16919708,0,0.00159806,75.85460663,0,0.939245999,68.74808502,0,27.04625702
2026/02/26 8:27:53.290 PM -06:00,73.0407486,73.20017242,0.00159806,75.96481323,76.04136658,0.94503969,67.56947327,68.02850342,29.40767288
2026/02/26 10:42:17.060 PM -06:00,73.04090118,72.99111938,0.001582035,76.00481415,0,0.938897729,67.71185303,0,29.56479645
2026/02/26 10:42:17.060 PM -06:00,72.81991577,0,0.001582035,76.0626297,76.10377502,0.93856132,69.40653229,68.64282227,34.82365036
2026/02/27 12:56:40.830 AM -06:00,72.85442352,0,0.001582035,76.02711487,0,0.938505769,67.66492462,0,34.68652344
2026/02/27 12:56:40.830 AM -06:00,72.96305847,72.97808075,0.00145319,75.94285583,76.00466156,0.94526732,68.75012207,68.59963226,36.61035156
2026/02/27 3:11:04.600 AM -06:00,72.88742828,0,0.001580177,76.11008453,0,0.939066708,68.579422,68.61932373,36.30882645
2026/02/27 3:11:04.600 AM -06:00,73.00670624,73.00171661,0.001580177,75.87496948,76.0510788,0.937552631,67.92319489,0,37.91013336
2026/02/27 5:25:28.370 AM -06:00,72.81990051,73.00171661,0.001580177,76.07064056,0,0.943978786,67.79319763,0,37.88512802
2026/02/27 5:25:28.370 AM -06:00,73.00780487,0,0.00157507,76.01279449,76.15458679,0.938067377,69.02390289,68.92042542,39.35577393
2026/02/27 7:39:52.140 AM -06:00,73.08288574,0,0.00157507,76.08945465,76.17822266,0.938119054,68.82924652,0,39.07951355
2026/02/27 7:39:52.140 AM -06:00,72.80996704,73.04410553,0.00157507,75.94290161,0,0.936481059,67.71450043,68.66629791,40.19611359
2026/02/27 9:54:15.910 AM -06:00,72.88613129,0,0.00157507,76.04909515,0,0.944233954,67.71144104,0,39.56769562
2026/02/27 9:54:15.910 AM -06:00,73.00293732,73.01319885,0.00157507,75.98179626,76.04750061,0.937561572,68.60032654,68.68249512,41.34915161
2026/02/27 12:08:39.680 PM -06:00,72.80630493,0,0.00157507,75.79384613,75.96331787,0.937709689,67.56231689,0,41.86436462
2026/02/27 12:08:39.680 PM -06:00,73.09279633,73.11872864,0.00157507,76.00630951,0,0.945664883,68.64447021,68.30749512,37.99785233
2026/02/27 2:23:03.450 PM -06:00,73.06587982,0,0.00168475,75.9813385,0,0.938539624,68.55674744,68.01014709,34.2014122
2026/02/27 2:23:03.450 PM -06:00,72.84967804,73.07615662,0.001567099,74.94602966,75.98265076,0.938520849,66.67667389,0,40.29067993
2026/02/27 4:37:27.220 PM -06:00,72.71786499,72.78397369,0.001688907,74.8447876,0,0.928021789,66.5915451,0,40.49630737
2026/02/27 4:37:27.220 PM -06:00,72.78508759,0,0.001567647,75.19822693,75.11508179,0.944045544,67.68868256,67.41929626,48.39322662
2026/02/27 6:51:50.990 PM -06:00,72.70892334,0,0.001567647,74.88304138,0,0.938708425,67.67215729,0,47.83139038
2026/02/27 6:51:50.990 PM -06:00,72.80999756,72.8903656,0.001567647,75.07138062,75.05144501,0.935556531,66.67504883,67.4865036,50.28404236
2026/02/27 9:06:14.760 PM -06:00,72.80918121,0,0.001567647,75.3752594,0,0.936529219,66.65739441,0,50.73362732
2026/02/27 9:06:14.760 PM -06:00,73.0083847,72.90681458,0.001567647,74.98273468,75.13549805,0.945186377,68.13795471,67.73228455,49.05242157
2026/02/27 11:20:38.530 PM -06:00,72.94429779,0,0.001567647,75.07003021,0,0.939884901,67.33036041,0,49.11108398
2026/02/27 11:20:38.530 PM -06:00,73.08242035,73.12614441,0.001567647,75.95847321,76.00502014,0.937617242,68.63861084,68.23827362,37.79886246
2026/02/28 1:35:02.300 AM -06:00,73.1762085,73.22383118,0.001567647,76.0878067,76.08922577,0.946291983,68.69081116,0,37.67070007
2026/02/28 1:35:02.300 AM -06:00,73.08370972,0,0.001567647,75.95435333,0,0.938522577,67.49901581,68.29907227,34.1515007
2026/02/28 3:49:26.070 AM -06:00,73.19293976,0,0.001567647,76.18543243,0,0.939321935,68.72363281,0,34.01016998
2026/02/28 3:49:26.070 AM -06:00,73.00285339,73.19147491,0.001567647,75.98375702,76.14784241,0.937899649,67.63045502,68.44525909,36.31097031
2026/02/28 6:03:49.840 AM -06:00,73.0688324,0,0.001567647,76.06492615,0,0.944381177,68.74687958,0,36.13906097
2026/02/28 6:03:49.840 AM -06:00,73.03491211,73.17286682,0.001567647,76.10889435,76.19094086,0.938508809,67.67547607,68.68141937,38.53866959
2026/02/28 8:18:13.610 AM -06:00,73.15972137,0,0.001567647,76.25218201,0,0.938313186,68.65742493,0,38.43135834
2026/02/28 8:18:13.610 AM -06:00,73.13594055,73.19802094,0.001567647,76.08650208,76.1765213,0.945424914,67.53912354,68.51826477,37.82637024
2026/02/28 10:32:37.380 AM -06:00,73.11790466,0,0.001567647,76.1072998,0,0.939536393,67.60463715,0,37.60697937
2026/02/28 10:32:37.380 AM -06:00,73.2023468,73.20153809,0.001695848,76.1925354,76.15139771,0.939864755,68.78909302,68.51087189,39.37583923
2026/02/28 12:47:01.150 PM -06:00,73.17590332,0,0.001690662,76.11828613,0,0.111273713,67.62036133,0,38.97475052
2026/02/28 12:47:01.150 PM -06:00,73.08950043,73.21705627,0.001688635,76.24440765,76.2558136,0.940006375,68.76803589,68.67948151,40.55764771
2026/02/28 3:01:24.920 PM -06:00,73.13050079,0,0.001688635,76.19804382,0,0.939739347,67.69491577,0,39.97749329
2026/02/28 3:01:24.920 PM -06:00,73.03320313,73.14015198,0.001682862,76.09102631,76.23271942,0.938189507,68.74811554,68.55955505,42.21764374
2026/02/28 5:15:48.690 PM -06:00,73.14457703,73.14164734,0.001683076,76.04600525,0,0.939307511,67.77085114,0,42.05395508
2026/02/28 5:15:48.690 PM -06:00,73.2281723,0,0.001691447,76.19740295,76.17256165,0.950064003,68.91847229,68.76880646,46.39689636
2026/02/28 7:30:12.460 PM -06:00,73.24285889,0,0.001678639,76.25588989,0,0.941400051,68.86956024,0,46.39577484
2026/02/28 7:30:12.460 PM -06:00,73.14848328,73.24336243,0.001576226,76.23547363,76.32501221,0.941239059,67.78189087,68.74662018,43.28843689
2026/02/28 9:44:36.230 PM -06:00,73.2779007,0,0.001576226,76.23822784,0,0.939927578,69.38047791,0,43.83734131
2026/02/28 9:44:36.230 PM -06:00,73.13996887,73.38531494,0.001583146,76.38574219,76.32312775,0.940904498,67.8977356,68.8923645,42.68222809
